"region","indicator","season","Unit","Date","Value"
"Nyarugenge","Maize","Season A","KG/HA","2021","1382.803"
"Nyarugenge","Maize","Season B","KG/HA","2021","1121.648"
"Nyarugenge","Maize","Season C","KG/HA","2021","874.3945"
"Nyarugenge","Sorghum","Season A","KG/HA","2021","0"
"Nyarugenge","Sorghum","Season B","KG/HA","2021","841.669"
"Nyarugenge","Sorghum","Season C","KG/HA","2021","0"
"Nyarugenge","Paddy rice","Season A","KG/HA","2021","0"
"Nyarugenge","Paddy rice","Season B","KG/HA","2021","0"
"Nyarugenge","Paddy rice","Season C","KG/HA","2021","0"
"Nyarugenge","Wheat","Season A","KG/HA","2021","0"
"Nyarugenge","Wheat","Season B","KG/HA","2021","0"
"Nyarugenge","Wheat","Season C","KG/HA","2021","0"
"Nyarugenge","Cassava","Season A","KG/HA","2021","9101.419"
"Nyarugenge","Cassava","Season B","KG/HA","2021","11593.12"
"Nyarugenge","Cassava","Season C","KG/HA","2021","1068.02"
"Nyarugenge","Sweet potatoes","Season A","KG/HA","2021","5428.524"
"Nyarugenge","Sweet potatoes","Season B","KG/HA","2021","4501.119"
"Nyarugenge","Sweet potatoes","Season C","KG/HA","2021","371.3387"
"Nyarugenge","Yams & Taro","Season A","KG/HA","2021","6469.074"
"Nyarugenge","Yams & Taro","Season B","KG/HA","2021","7249.523"
"Nyarugenge","Yams & Taro","Season C","KG/HA","2021","54.64313"
"Nyarugenge","Irish potatoes","Season A","KG/HA","2021","4879.252"
"Nyarugenge","Irish potatoes","Season B","KG/HA","2021","2584.375"
"Nyarugenge","Irish potatoes","Season C","KG/HA","2021","82.08655"
"Nyarugenge","Cooking Banana","Season A","KG/HA","2021","10464.43"
"Nyarugenge","Cooking Banana","Season B","KG/HA","2021","19358.74"
"Nyarugenge","Cooking Banana","Season C","KG/HA","2021","417.7921"
"Nyarugenge","Bananas","Season A","KG/HA","2021","10455.7457840649"
"Nyarugenge","Bananas","Season B","KG/HA","2021","9850.50701602251"
"Nyarugenge","Bananas","Season C","KG/HA","2021","713.4284"
"Nyarugenge","Beans","Season B","KG/HA","2021","636.729879843648"
"Nyarugenge","Beans","Season C","KG/HA","2021","2442.408"
"Nyarugenge","Peas","Season A","KG/HA","2021","0"
"Nyarugenge","Peas","Season B","KG/HA","2021","539.4671"
"Nyarugenge","Peas","Season C","KG/HA","2021","0"
"Nyarugenge","Ground nuts","Season A","KG/HA","2021","459.6917"
"Nyarugenge","Ground nuts","Season B","KG/HA","2021","276.9853"
"Nyarugenge","Ground nuts","Season C","KG/HA","2021","46.98152"
"Nyarugenge","Soya beans","Season A","KG/HA","2021","637.3766"
"Nyarugenge","Soya beans","Season B","KG/HA","2021","426.1684"
"Nyarugenge","Soya beans","Season C","KG/HA","2021","276.8375"
"Nyarugenge","Bush bean","Season A","KG/HA","2021","689.9491"
"Nyarugenge","Bush bean","Season B","KG/HA","2021","631.9305"
"Nyarugenge","Bush bean","Season C","KG/HA","2021","0"
"Nyarugenge","Climbing bean","Season A","KG/HA","2021","719.9835"
"Nyarugenge","Climbing bean","Season B","KG/HA","2021","826.003"
"Nyarugenge","Climbing bean","Season C","KG/HA","2021","5.540274"
"Nyarugenge","Banana for beer","Season A","KG/HA","2021","10872.15"
"Nyarugenge","Banana for beer","Season B","KG/HA","2021","8276.985"
"Nyarugenge","Banana for beer","Season C","KG/HA","2021","2442.408"
"Nyarugenge","Dessert banana","Season A","KG/HA","2021","9278.809"
"Nyarugenge","Dessert banana","Season B","KG/HA","2021","7846.497"
"Nyarugenge","Dessert banana","Season C","KG/HA","2021","948.5656"
"Gasabo","Maize","Season A","KG/HA","2021","1158.11925488357"
"Gasabo","Maize","Season B","KG/HA","2021","1209.92721893001"
"Gasabo","Maize","Season C","KG/HA","2021","3119.60375"
"Gasabo","Sorghum","Season A","KG/HA","2021","0"
"Gasabo","Sorghum","Season B","KG/HA","2021","1031.58985222973"
"Gasabo","Sorghum","Season C","KG/HA","2021","0"
"Gasabo","Paddy rice","Season A","KG/HA","2021","3709.1955071182"
"Gasabo","Paddy rice","Season B","KG/HA","2021","3415.91094956135"
"Gasabo","Paddy rice","Season C","KG/HA","2021","232.4744"
"Gasabo","Wheat","Season A","KG/HA","2021","0"
"Gasabo","Wheat","Season B","KG/HA","2021","0"
"Gasabo","Wheat","Season C","KG/HA","2021","0"
"Gasabo","Cassava","Season A","KG/HA","2021","11950.85"
"Gasabo","Cassava","Season B","KG/HA","2021","12850.46"
"Gasabo","Cassava","Season C","KG/HA","2021","4220.88"
"Gasabo","Sweet potatoes","Season A","KG/HA","2021","6556.23618915594"
"Gasabo","Sweet potatoes","Season B","KG/HA","2021","5647.64088438216"
"Gasabo","Sweet potatoes","Season C","KG/HA","2021","1191.8503713"
"Gasabo","Yams & Taro","Season A","KG/HA","2021","4137.752"
"Gasabo","Yams & Taro","Season B","KG/HA","2021","2424.13091151712"
"Gasabo","Yams & Taro","Season C","KG/HA","2021","147.6107"
"Gasabo","Irish potatoes","Season A","KG/HA","2021","4311.207"
"Gasabo","Irish potatoes","Season B","KG/HA","2021","3384.387"
"Gasabo","Irish potatoes","Season C","KG/HA","2021","626.0991"
"Gasabo","Cooking Banana","Season A","KG/HA","2021","12314.8158013316"
"Gasabo","Cooking Banana","Season B","KG/HA","2021","17801.1938092378"
"Gasabo","Cooking Banana","Season C","KG/HA","2021","997.70374"
"Gasabo","Bananas","Season A","KG/HA","2021","11146.8251108682"
"Gasabo","Bananas","Season B","KG/HA","2021","12827.8410733018"
"Gasabo","Bananas","Season C","KG/HA","2021","2113.16127"
"Gasabo","Beans","Season B","KG/HA","2021","748.855433097513"
"Gasabo","Beans","Season C","KG/HA","2021","8847.422067"
"Gasabo","Peas","Season A","KG/HA","2021","1106.327"
"Gasabo","Peas","Season B","KG/HA","2021","674.6104"
"Gasabo","Peas","Season C","KG/HA","2021","143.3003"
"Gasabo","Ground nuts","Season A","KG/HA","2021","438.741679958"
"Gasabo","Ground nuts","Season B","KG/HA","2021","335.8916"
"Gasabo","Ground nuts","Season C","KG/HA","2021","440.7450996"
"Gasabo","Soya beans","Season A","KG/HA","2021","329.27139181625"
"Gasabo","Soya beans","Season B","KG/HA","2021","436.960077624739"
"Gasabo","Soya beans","Season C","KG/HA","2021","362.763066"
"Gasabo","Bush bean","Season A","KG/HA","2021","569.660047631047"
"Gasabo","Bush bean","Season B","KG/HA","2021","746.328042190991"
"Gasabo","Bush bean","Season C","KG/HA","2021","0"
"Gasabo","Climbing bean","Season A","KG/HA","2021","597.0734"
"Gasabo","Climbing bean","Season B","KG/HA","2021","789.1011"
"Gasabo","Climbing bean","Season C","KG/HA","2021","402.4662"
"Gasabo","Banana for beer","Season A","KG/HA","2021","10433.33"
"Gasabo","Banana for beer","Season B","KG/HA","2021","8280.062"
"Gasabo","Banana for beer","Season C","KG/HA","2021","8847.422067"
"Gasabo","Dessert banana","Season A","KG/HA","2021","9873.542"
"Gasabo","Dessert banana","Season B","KG/HA","2021","13334.2"
"Gasabo","Dessert banana","Season C","KG/HA","2021","1892.489"
"Kicukiro","Maize","Season A","KG/HA","2021","1662.99633776549"
"Kicukiro","Maize","Season B","KG/HA","2021","1071.36599439834"
"Kicukiro","Maize","Season C","KG/HA","2021","965.80216"
"Kicukiro","Sorghum","Season A","KG/HA","2021","0"
"Kicukiro","Sorghum","Season B","KG/HA","2021","1179.88819245207"
"Kicukiro","Sorghum","Season C","KG/HA","2021","0"
"Kicukiro","Paddy rice","Season A","KG/HA","2021","6293.39359288368"
"Kicukiro","Paddy rice","Season B","KG/HA","2021","6631.79090851055"
"Kicukiro","Paddy rice","Season C","KG/HA","2021","27.17135"
"Kicukiro","Wheat","Season A","KG/HA","2021","0"
"Kicukiro","Wheat","Season B","KG/HA","2021","0"
"Kicukiro","Wheat","Season C","KG/HA","2021","0"
"Kicukiro","Cassava","Season A","KG/HA","2021","10286.09"
"Kicukiro","Cassava","Season B","KG/HA","2021","14484.88"
"Kicukiro","Cassava","Season C","KG/HA","2021","381.2299"
"Kicukiro","Sweet potatoes","Season A","KG/HA","2021","6955.76"
"Kicukiro","Sweet potatoes","Season B","KG/HA","2021","10375.14"
"Kicukiro","Sweet potatoes","Season C","KG/HA","2021","422.6337"
"Kicukiro","Yams & Taro","Season A","KG/HA","2021","5057.257"
"Kicukiro","Yams & Taro","Season B","KG/HA","2021","5572.993"
"Kicukiro","Yams & Taro","Season C","KG/HA","2021","49.81149"
"Kicukiro","Irish potatoes","Season A","KG/HA","2021","3756.002"
"Kicukiro","Irish potatoes","Season B","KG/HA","2021","3786.174"
"Kicukiro","Irish potatoes","Season C","KG/HA","2021","14.5459"
"Kicukiro","Cooking Banana","Season A","KG/HA","2021","10532.8012310474"
"Kicukiro","Cooking Banana","Season B","KG/HA","2021","19080.5276397272"
"Kicukiro","Cooking Banana","Season C","KG/HA","2021","184.8484661"
"Kicukiro","Bananas","Season A","KG/HA","2021","10399.2915203417"
"Kicukiro","Bananas","Season B","KG/HA","2021","13436.6917194474"
"Kicukiro","Bananas","Season C","KG/HA","2021","462.8006907"
"Kicukiro","Beans","Season B","KG/HA","2021","746.869961764605"
"Kicukiro","Beans","Season C","KG/HA","2021","2291.208284"
"Kicukiro","Peas","Season A","KG/HA","2021","0"
"Kicukiro","Peas","Season B","KG/HA","2021","551.2094"
"Kicukiro","Peas","Season C","KG/HA","2021","0"
"Kicukiro","Ground nuts","Season A","KG/HA","2021","457.5448"
"Kicukiro","Ground nuts","Season B","KG/HA","2021","498.1548"
"Kicukiro","Ground nuts","Season C","KG/HA","2021","68.82254"
"Kicukiro","Soya beans","Season A","KG/HA","2021","538.136873268122"
"Kicukiro","Soya beans","Season B","KG/HA","2021","838.561149570062"
"Kicukiro","Soya beans","Season C","KG/HA","2021","77.4084528"
"Kicukiro","Bush bean","Season A","KG/HA","2021","626.579099948165"
"Kicukiro","Bush bean","Season B","KG/HA","2021","743.179193967118"
"Kicukiro","Bush bean","Season C","KG/HA","2021","0"
"Kicukiro","Climbing bean","Season A","KG/HA","2021","508.9207"
"Kicukiro","Climbing bean","Season B","KG/HA","2021","1013.251"
"Kicukiro","Climbing bean","Season C","KG/HA","2021","29.15388"
"Kicukiro","Banana for beer","Season A","KG/HA","2021","10008.53"
"Kicukiro","Banana for beer","Season B","KG/HA","2021","9593.58"
"Kicukiro","Banana for beer","Season C","KG/HA","2021","2291.208284"
"Kicukiro","Dessert banana","Season A","KG/HA","2021","11096.4963004821"
"Kicukiro","Dessert banana","Season B","KG/HA","2021","14425.034892092"
"Kicukiro","Dessert banana","Season C","KG/HA","2021","420.6831"
"Nyanza","Maize","Season A","KG/HA","2021","1551.50595798141"
"Nyanza","Maize","Season B","KG/HA","2021","1122.566"
"Nyanza","Maize","Season C","KG/HA","2021","5242.3752"
"Nyanza","Sorghum","Season A","KG/HA","2021","602.92"
"Nyanza","Sorghum","Season B","KG/HA","2021","1117.235"
"Nyanza","Sorghum","Season C","KG/HA","2021","278.0314"
"Nyanza","Paddy rice","Season A","KG/HA","2021","3798.37368237195"
"Nyanza","Paddy rice","Season B","KG/HA","2021","3403.44789807059"
"Nyanza","Paddy rice","Season C","KG/HA","2021","356.79903"
"Nyanza","Wheat","Season A","KG/HA","2021","0"
"Nyanza","Wheat","Season B","KG/HA","2021","0"
"Nyanza","Wheat","Season C","KG/HA","2021","0"
"Nyanza","Cassava","Season A","KG/HA","2021","15870.4"
"Nyanza","Cassava","Season B","KG/HA","2021","18280.44"
"Nyanza","Cassava","Season C","KG/HA","2021","13077.78"
"Nyanza","Sweet potatoes","Season A","KG/HA","2021","5606.571"
"Nyanza","Sweet potatoes","Season B","KG/HA","2021","9122.881"
"Nyanza","Sweet potatoes","Season C","KG/HA","2021","2483.2"
"Nyanza","Yams & Taro","Season A","KG/HA","2021","3291.59416510868"
"Nyanza","Yams & Taro","Season B","KG/HA","2021","3980.71171526616"
"Nyanza","Yams & Taro","Season C","KG/HA","2021","943.30383"
"Nyanza","Irish potatoes","Season A","KG/HA","2021","3581.924"
"Nyanza","Irish potatoes","Season B","KG/HA","2021","3152.5086427552"
"Nyanza","Irish potatoes","Season C","KG/HA","2021","310.5415"
"Nyanza","Cooking Banana","Season A","KG/HA","2021","6967.994"
"Nyanza","Cooking Banana","Season B","KG/HA","2021","12455.41"
"Nyanza","Cooking Banana","Season C","KG/HA","2021","2024.526"
"Nyanza","Bananas","Season A","KG/HA","2021","7885.24890604396"
"Nyanza","Bananas","Season B","KG/HA","2021","9469.6538011927"
"Nyanza","Bananas","Season C","KG/HA","2021","3178.426"
"Nyanza","Beans","Season B","KG/HA","2021","692.64367715525"
"Nyanza","Beans","Season C","KG/HA","2021","18678.52"
"Nyanza","Peas","Season A","KG/HA","2021","787.4185"
"Nyanza","Peas","Season B","KG/HA","2021","602.0548"
"Nyanza","Peas","Season C","KG/HA","2021","103.3574"
"Nyanza","Ground nuts","Season A","KG/HA","2021","233.7976"
"Nyanza","Ground nuts","Season B","KG/HA","2021","344.4524"
"Nyanza","Ground nuts","Season C","KG/HA","2021","892.9153"
"Nyanza","Soya beans","Season A","KG/HA","2021","288.8974"
"Nyanza","Soya beans","Season B","KG/HA","2021","341.2866"
"Nyanza","Soya beans","Season C","KG/HA","2021","1646.602"
"Nyanza","Bush bean","Season A","KG/HA","2021","607.8555"
"Nyanza","Bush bean","Season B","KG/HA","2021","667.5172"
"Nyanza","Bush bean","Season C","KG/HA","2021","0"
"Nyanza","Climbing bean","Season A","KG/HA","2021","542.524"
"Nyanza","Climbing bean","Season B","KG/HA","2021","796.008122474675"
"Nyanza","Climbing bean","Season C","KG/HA","2021","2494.075"
"Nyanza","Banana for beer","Season A","KG/HA","2021","8631.284"
"Nyanza","Banana for beer","Season B","KG/HA","2021","8793.224"
"Nyanza","Banana for beer","Season C","KG/HA","2021","18678.52"
"Nyanza","Dessert banana","Season A","KG/HA","2021","7301.574"
"Nyanza","Dessert banana","Season B","KG/HA","2021","8743.531"
"Nyanza","Dessert banana","Season C","KG/HA","2021","4921.889"
"Gisagara","Maize","Season A","KG/HA","2021","1902.0634714044"
"Gisagara","Maize","Season B","KG/HA","2021","1056.07588684889"
"Gisagara","Maize","Season C","KG/HA","2021","6319.644"
"Gisagara","Sorghum","Season A","KG/HA","2021","760.481"
"Gisagara","Sorghum","Season B","KG/HA","2021","828.8808"
"Gisagara","Sorghum","Season C","KG/HA","2021","537.9981"
"Gisagara","Paddy rice","Season A","KG/HA","2021","4265.99013373139"
"Gisagara","Paddy rice","Season B","KG/HA","2021","3533.01678349639"
"Gisagara","Paddy rice","Season C","KG/HA","2021","2044.5633"
"Gisagara","Wheat","Season A","KG/HA","2021","0"
"Gisagara","Wheat","Season B","KG/HA","2021","0"
"Gisagara","Wheat","Season C","KG/HA","2021","0"
"Gisagara","Cassava","Season A","KG/HA","2021","15961.78"
"Gisagara","Cassava","Season B","KG/HA","2021","17128.4"
"Gisagara","Cassava","Season C","KG/HA","2021","7573.884"
"Gisagara","Sweet potatoes","Season A","KG/HA","2021","5893.00900668879"
"Gisagara","Sweet potatoes","Season B","KG/HA","2021","5344.87808532272"
"Gisagara","Sweet potatoes","Season C","KG/HA","2021","2440.605367"
"Gisagara","Yams & Taro","Season A","KG/HA","2021","9366.85251885143"
"Gisagara","Yams & Taro","Season B","KG/HA","2021","3623.74655899631"
"Gisagara","Yams & Taro","Season C","KG/HA","2021","374.92783"
"Gisagara","Irish potatoes","Season A","KG/HA","2021","2751.354"
"Gisagara","Irish potatoes","Season B","KG/HA","2021","2528.085"
"Gisagara","Irish potatoes","Season C","KG/HA","2021","346.6471"
"Gisagara","Cooking Banana","Season A","KG/HA","2021","6744.64778700439"
"Gisagara","Cooking Banana","Season B","KG/HA","2021","16747.5175481219"
"Gisagara","Cooking Banana","Season C","KG/HA","2021","2112.2074986"
"Gisagara","Bananas","Season A","KG/HA","2021","7954.60049998866"
"Gisagara","Bananas","Season B","KG/HA","2021","11428.7116085038"
"Gisagara","Bananas","Season C","KG/HA","2021","2749.9049884"
"Gisagara","Beans","Season B","KG/HA","2021","618.969083675716"
"Gisagara","Beans","Season C","KG/HA","2021","16120.81178"
"Gisagara","Peas","Season A","KG/HA","2021","922.2173"
"Gisagara","Peas","Season B","KG/HA","2021","567.1686"
"Gisagara","Peas","Season C","KG/HA","2021","113.5459"
"Gisagara","Ground nuts","Season A","KG/HA","2021","388.1098"
"Gisagara","Ground nuts","Season B","KG/HA","2021","426.7986"
"Gisagara","Ground nuts","Season C","KG/HA","2021","481.5283"
"Gisagara","Soya beans","Season A","KG/HA","2021","530.301927103472"
"Gisagara","Soya beans","Season B","KG/HA","2021","417.755378006843"
"Gisagara","Soya beans","Season C","KG/HA","2021","2016.323543"
"Gisagara","Bush bean","Season A","KG/HA","2021","562.908699339181"
"Gisagara","Bush bean","Season B","KG/HA","2021","586.9350512535"
"Gisagara","Bush bean","Season C","KG/HA","2021","5.620412"
"Gisagara","Climbing bean","Season A","KG/HA","2021","597.6761"
"Gisagara","Climbing bean","Season B","KG/HA","2021","843.325336528651"
"Gisagara","Climbing bean","Season C","KG/HA","2021","1307.467"
"Gisagara","Banana for beer","Season A","KG/HA","2021","8875.83190355129"
"Gisagara","Banana for beer","Season B","KG/HA","2021","10374.1429162554"
"Gisagara","Banana for beer","Season C","KG/HA","2021","16126.432192"
"Gisagara","Dessert banana","Season A","KG/HA","2021","7121.70144127065"
"Gisagara","Dessert banana","Season B","KG/HA","2021","9894.31961421188"
"Gisagara","Dessert banana","Season C","KG/HA","2021","4820.837885"
"Nyaruguru","Maize","Season A","KG/HA","2021","1924.44334891223"
"Nyaruguru","Maize","Season B","KG/HA","2021","1704.53331453725"
"Nyaruguru","Maize","Season C","KG/HA","2021","5796.3887"
"Nyaruguru","Sorghum","Season A","KG/HA","2021","0"
"Nyaruguru","Sorghum","Season B","KG/HA","2021","631.2086"
"Nyaruguru","Sorghum","Season C","KG/HA","2021","0"
"Nyaruguru","Paddy rice","Season A","KG/HA","2021","0"
"Nyaruguru","Paddy rice","Season B","KG/HA","2021","0"
"Nyaruguru","Paddy rice","Season C","KG/HA","2021","0"
"Nyaruguru","Wheat","Season A","KG/HA","2021","900.6429"
"Nyaruguru","Wheat","Season B","KG/HA","2021","849.4952"
"Nyaruguru","Wheat","Season C","KG/HA","2021","32.86643"
"Nyaruguru","Cassava","Season A","KG/HA","2021","11043.06"
"Nyaruguru","Cassava","Season B","KG/HA","2021","14785.7"
"Nyaruguru","Cassava","Season C","KG/HA","2021","5335.598"
"Nyaruguru","Sweet potatoes","Season A","KG/HA","2021","9264.603"
"Nyaruguru","Sweet potatoes","Season B","KG/HA","2021","7983.269"
"Nyaruguru","Sweet potatoes","Season C","KG/HA","2021","4844.653"
"Nyaruguru","Yams & Taro","Season A","KG/HA","2021","7144.731"
"Nyaruguru","Yams & Taro","Season B","KG/HA","2021","10540.85"
"Nyaruguru","Yams & Taro","Season C","KG/HA","2021","725.6179"
"Nyaruguru","Irish potatoes","Season A","KG/HA","2021","5620.34926925908"
"Nyaruguru","Irish potatoes","Season B","KG/HA","2021","6944.87014420426"
"Nyaruguru","Irish potatoes","Season C","KG/HA","2021","1379.17759"
"Nyaruguru","Cooking Banana","Season A","KG/HA","2021","11051.0529156428"
"Nyaruguru","Cooking Banana","Season B","KG/HA","2021","14856.8051923056"
"Nyaruguru","Cooking Banana","Season C","KG/HA","2021","1280.7706161"
"Nyaruguru","Bananas","Season A","KG/HA","2021","10481.3374323371"
"Nyaruguru","Bananas","Season B","KG/HA","2021","9769.75199476935"
"Nyaruguru","Bananas","Season C","KG/HA","2021","1682.4577842"
"Nyaruguru","Beans","Season B","KG/HA","2021","912.386728185208"
"Nyaruguru","Beans","Season C","KG/HA","2021","2073.65652"
"Nyaruguru","Peas","Season A","KG/HA","2021","859.7267"
"Nyaruguru","Peas","Season B","KG/HA","2021","1129.502"
"Nyaruguru","Peas","Season C","KG/HA","2021","370.4842"
"Nyaruguru","Ground nuts","Season A","KG/HA","2021","215.97"
"Nyaruguru","Ground nuts","Season B","KG/HA","2021","0"
"Nyaruguru","Ground nuts","Season C","KG/HA","2021","36.15308"
"Nyaruguru","Soya beans","Season A","KG/HA","2021","348.9475"
"Nyaruguru","Soya beans","Season B","KG/HA","2021","566.8892"
"Nyaruguru","Soya beans","Season C","KG/HA","2021","697.2305"
"Nyaruguru","Bush bean","Season A","KG/HA","2021","523.360483420562"
"Nyaruguru","Bush bean","Season B","KG/HA","2021","620.063547660309"
"Nyaruguru","Bush bean","Season C","KG/HA","2021","0"
"Nyaruguru","Climbing bean","Season A","KG/HA","2021","556.6553"
"Nyaruguru","Climbing bean","Season B","KG/HA","2021","980.765478945964"
"Nyaruguru","Climbing bean","Season C","KG/HA","2021","7220.077"
"Nyaruguru","Banana for beer","Season A","KG/HA","2021","10873.2735744759"
"Nyaruguru","Banana for beer","Season B","KG/HA","2021","7912.91115272245"
"Nyaruguru","Banana for beer","Season C","KG/HA","2021","2073.65652"
"Nyaruguru","Dessert banana","Season A","KG/HA","2021","8380.08636855238"
"Nyaruguru","Dessert banana","Season B","KG/HA","2021","8031.68488622305"
"Nyaruguru","Dessert banana","Season C","KG/HA","2021","2529.3617842"
"Huye","Maize","Season A","KG/HA","2021","1550.73684822032"
"Huye","Maize","Season B","KG/HA","2021","1356.63891145857"
"Huye","Maize","Season C","KG/HA","2021","4506.8807"
"Huye","Sorghum","Season A","KG/HA","2021","0"
"Huye","Sorghum","Season B","KG/HA","2021","860.2733"
"Huye","Sorghum","Season C","KG/HA","2021","0"
"Huye","Paddy rice","Season A","KG/HA","2021","4116.94855451984"
"Huye","Paddy rice","Season B","KG/HA","2021","3856.43421596602"
"Huye","Paddy rice","Season C","KG/HA","2021","972.4139"
"Huye","Wheat","Season A","KG/HA","2021","0"
"Huye","Wheat","Season B","KG/HA","2021","0"
"Huye","Wheat","Season C","KG/HA","2021","0"
"Huye","Cassava","Season A","KG/HA","2021","18715.78"
"Huye","Cassava","Season B","KG/HA","2021","18606.75"
"Huye","Cassava","Season C","KG/HA","2021","9411.7966189"
"Huye","Sweet potatoes","Season A","KG/HA","2021","5609.94416108976"
"Huye","Sweet potatoes","Season B","KG/HA","2021","8590.964"
"Huye","Sweet potatoes","Season C","KG/HA","2021","3137.3945025"
"Huye","Yams & Taro","Season A","KG/HA","2021","7545.624"
"Huye","Yams & Taro","Season B","KG/HA","2021","4360.32429562531"
"Huye","Yams & Taro","Season C","KG/HA","2021","226.806"
"Huye","Irish potatoes","Season A","KG/HA","2021","3627.01"
"Huye","Irish potatoes","Season B","KG/HA","2021","3229.708"
"Huye","Irish potatoes","Season C","KG/HA","2021","941.3836"
"Huye","Cooking Banana","Season A","KG/HA","2021","10174.9048556039"
"Huye","Cooking Banana","Season B","KG/HA","2021","12277.29"
"Huye","Cooking Banana","Season C","KG/HA","2021","1905.239"
"Huye","Bananas","Season A","KG/HA","2021","10327.3106918845"
"Huye","Bananas","Season B","KG/HA","2021","9813.83692022202"
"Huye","Bananas","Season C","KG/HA","2021","2362.439678"
"Huye","Beans","Season B","KG/HA","2021","684.634625885082"
"Huye","Beans","Season C","KG/HA","2021","11594.349731"
"Huye","Peas","Season A","KG/HA","2021","988.6039"
"Huye","Peas","Season B","KG/HA","2021","895.0796"
"Huye","Peas","Season C","KG/HA","2021","144.0384"
"Huye","Ground nuts","Season A","KG/HA","2021","427.0024"
"Huye","Ground nuts","Season B","KG/HA","2021","479.6714"
"Huye","Ground nuts","Season C","KG/HA","2021","236.9172"
"Huye","Soya beans","Season A","KG/HA","2021","498.9838"
"Huye","Soya beans","Season B","KG/HA","2021","445.5649"
"Huye","Soya beans","Season C","KG/HA","2021","1905.801"
"Huye","Bush bean","Season A","KG/HA","2021","634.976266955089"
"Huye","Bush bean","Season B","KG/HA","2021","632.5916"
"Huye","Bush bean","Season C","KG/HA","2021","5.225251"
"Huye","Climbing bean","Season A","KG/HA","2021","681.0074"
"Huye","Climbing bean","Season B","KG/HA","2021","776.4399"
"Huye","Climbing bean","Season C","KG/HA","2021","3068.423"
"Huye","Banana for beer","Season A","KG/HA","2021","11351.16"
"Huye","Banana for beer","Season B","KG/HA","2021","8615.766"
"Huye","Banana for beer","Season C","KG/HA","2021","11599.574982"
"Huye","Dessert banana","Season A","KG/HA","2021","8551.264"
"Huye","Dessert banana","Season B","KG/HA","2021","10114.33"
"Huye","Dessert banana","Season C","KG/HA","2021","3599.719"
"Nyamagabe","Maize","Season A","KG/HA","2021","1475.59682182029"
"Nyamagabe","Maize","Season B","KG/HA","2021","1275.895"
"Nyamagabe","Maize","Season C","KG/HA","2021","5603.724774"
"Nyamagabe","Sorghum","Season A","KG/HA","2021","0"
"Nyamagabe","Sorghum","Season B","KG/HA","2021","715.2485"
"Nyamagabe","Sorghum","Season C","KG/HA","2021","0"
"Nyamagabe","Paddy rice","Season A","KG/HA","2021","2154.777"
"Nyamagabe","Paddy rice","Season B","KG/HA","2021","3320.356"
"Nyamagabe","Paddy rice","Season C","KG/HA","2021","266.9829"
"Nyamagabe","Wheat","Season A","KG/HA","2021","487.3578"
"Nyamagabe","Wheat","Season B","KG/HA","2021","1276.51765250988"
"Nyamagabe","Wheat","Season C","KG/HA","2021","128.2746"
"Nyamagabe","Cassava","Season A","KG/HA","2021","9722.479"
"Nyamagabe","Cassava","Season B","KG/HA","2021","12663.33"
"Nyamagabe","Cassava","Season C","KG/HA","2021","7230.596"
"Nyamagabe","Sweet potatoes","Season A","KG/HA","2021","6681.904"
"Nyamagabe","Sweet potatoes","Season B","KG/HA","2021","6035.484"
"Nyamagabe","Sweet potatoes","Season C","KG/HA","2021","8110.707"
"Nyamagabe","Yams & Taro","Season A","KG/HA","2021","4449.935"
"Nyamagabe","Yams & Taro","Season B","KG/HA","2021","8362.79368211691"
"Nyamagabe","Yams & Taro","Season C","KG/HA","2021","396.9044"
"Nyamagabe","Irish potatoes","Season A","KG/HA","2021","5740.70054755995"
"Nyamagabe","Irish potatoes","Season B","KG/HA","2021","7228.3504311807"
"Nyamagabe","Irish potatoes","Season C","KG/HA","2021","2622.45442"
"Nyamagabe","Cooking Banana","Season A","KG/HA","2021","6867.593"
"Nyamagabe","Cooking Banana","Season B","KG/HA","2021","9789.838"
"Nyamagabe","Cooking Banana","Season C","KG/HA","2021","908.7098"
"Nyamagabe","Bananas","Season A","KG/HA","2021","8143.19772492345"
"Nyamagabe","Bananas","Season B","KG/HA","2021","7180.63030900252"
"Nyamagabe","Bananas","Season C","KG/HA","2021","1708.397"
"Nyamagabe","Beans","Season B","KG/HA","2021","684.320727431622"
"Nyamagabe","Beans","Season C","KG/HA","2021","4152.767"
"Nyamagabe","Peas","Season A","KG/HA","2021","928.7456"
"Nyamagabe","Peas","Season B","KG/HA","2021","941.84322091798"
"Nyamagabe","Peas","Season C","KG/HA","2021","1409.801"
"Nyamagabe","Ground nuts","Season A","KG/HA","2021","237.5815"
"Nyamagabe","Ground nuts","Season B","KG/HA","2021","0"
"Nyamagabe","Ground nuts","Season C","KG/HA","2021","18.77189"
"Nyamagabe","Soya beans","Season A","KG/HA","2021","474.5872"
"Nyamagabe","Soya beans","Season B","KG/HA","2021","444.6812"
"Nyamagabe","Soya beans","Season C","KG/HA","2021","1571.62"
"Nyamagabe","Bush bean","Season A","KG/HA","2021","458.694343396187"
"Nyamagabe","Bush bean","Season B","KG/HA","2021","576.3601"
"Nyamagabe","Bush bean","Season C","KG/HA","2021","23.77773"
"Nyamagabe","Climbing bean","Season A","KG/HA","2021","571.398469677339"
"Nyamagabe","Climbing bean","Season B","KG/HA","2021","711.979878027537"
"Nyamagabe","Climbing bean","Season C","KG/HA","2021","7742.593572"
"Nyamagabe","Banana for beer","Season A","KG/HA","2021","8834.288"
"Nyamagabe","Banana for beer","Season B","KG/HA","2021","6401.192"
"Nyamagabe","Banana for beer","Season C","KG/HA","2021","4176.54473"
"Nyamagabe","Dessert banana","Season A","KG/HA","2021","6940.097"
"Nyamagabe","Dessert banana","Season B","KG/HA","2021","12822.12"
"Nyamagabe","Dessert banana","Season C","KG/HA","2021","4730.107"
"Ruhango","Maize","Season A","KG/HA","2021","1295.52208154988"
"Ruhango","Maize","Season B","KG/HA","2021","1046.00219633539"
"Ruhango","Maize","Season C","KG/HA","2021","3454.350642"
"Ruhango","Sorghum","Season A","KG/HA","2021","323.3883"
"Ruhango","Sorghum","Season B","KG/HA","2021","837.4236"
"Ruhango","Sorghum","Season C","KG/HA","2021","11.27479"
"Ruhango","Paddy rice","Season A","KG/HA","2021","4900.070523572"
"Ruhango","Paddy rice","Season B","KG/HA","2021","3202.87348377327"
"Ruhango","Paddy rice","Season C","KG/HA","2021","852.4692"
"Ruhango","Wheat","Season A","KG/HA","2021","0"
"Ruhango","Wheat","Season B","KG/HA","2021","0"
"Ruhango","Wheat","Season C","KG/HA","2021","0"
"Ruhango","Cassava","Season A","KG/HA","2021","21307.6472993973"
"Ruhango","Cassava","Season B","KG/HA","2021","18755.0610809593"
"Ruhango","Cassava","Season C","KG/HA","2021","18193.58988"
"Ruhango","Sweet potatoes","Season A","KG/HA","2021","6215.725"
"Ruhango","Sweet potatoes","Season B","KG/HA","2021","3969.422"
"Ruhango","Sweet potatoes","Season C","KG/HA","2021","1951.157"
"Ruhango","Yams & Taro","Season A","KG/HA","2021","3719.03302491587"
"Ruhango","Yams & Taro","Season B","KG/HA","2021","7055.56648828083"
"Ruhango","Yams & Taro","Season C","KG/HA","2021","578.1029606"
"Ruhango","Irish potatoes","Season A","KG/HA","2021","3671.975"
"Ruhango","Irish potatoes","Season B","KG/HA","2021","3662.31"
"Ruhango","Irish potatoes","Season C","KG/HA","2021","457.8212"
"Ruhango","Cooking Banana","Season A","KG/HA","2021","8837.34974805951"
"Ruhango","Cooking Banana","Season B","KG/HA","2021","18376.4990865605"
"Ruhango","Cooking Banana","Season C","KG/HA","2021","1907.5376549"
"Ruhango","Bananas","Season A","KG/HA","2021","9138.35915486074"
"Ruhango","Bananas","Season B","KG/HA","2021","9299.15093351109"
"Ruhango","Bananas","Season C","KG/HA","2021","1705.1320472"
"Ruhango","Beans","Season B","KG/HA","2021","640.202565919035"
"Ruhango","Beans","Season C","KG/HA","2021","10577.325356"
"Ruhango","Peas","Season A","KG/HA","2021","707.7706"
"Ruhango","Peas","Season B","KG/HA","2021","968.6219"
"Ruhango","Peas","Season C","KG/HA","2021","121.4574"
"Ruhango","Ground nuts","Season A","KG/HA","2021","268.462554516509"
"Ruhango","Ground nuts","Season B","KG/HA","2021","502.665"
"Ruhango","Ground nuts","Season C","KG/HA","2021","1114.8140699"
"Ruhango","Soya beans","Season A","KG/HA","2021","498.192446874213"
"Ruhango","Soya beans","Season B","KG/HA","2021","519.7932"
"Ruhango","Soya beans","Season C","KG/HA","2021","2958.2889217"
"Ruhango","Bush bean","Season A","KG/HA","2021","606.565306628165"
"Ruhango","Bush bean","Season B","KG/HA","2021","598.254683637176"
"Ruhango","Bush bean","Season C","KG/HA","2021","0"
"Ruhango","Climbing bean","Season A","KG/HA","2021","783.392165933973"
"Ruhango","Climbing bean","Season B","KG/HA","2021","737.1694"
"Ruhango","Climbing bean","Season C","KG/HA","2021","3296.3607341"
"Ruhango","Banana for beer","Season A","KG/HA","2021","9703.592"
"Ruhango","Banana for beer","Season B","KG/HA","2021","8150.19952780436"
"Ruhango","Banana for beer","Season C","KG/HA","2021","10577.325356"
"Ruhango","Dessert banana","Season A","KG/HA","2021","6868.242"
"Ruhango","Dessert banana","Season B","KG/HA","2021","12819.2088522054"
"Ruhango","Dessert banana","Season C","KG/HA","2021","5547.8473214"
"Muhanga","Maize","Season A","KG/HA","2021","1271.93565152357"
"Muhanga","Maize","Season B","KG/HA","2021","1108.31774082861"
"Muhanga","Maize","Season C","KG/HA","2021","1795.9074"
"Muhanga","Sorghum","Season A","KG/HA","2021","724.5583"
"Muhanga","Sorghum","Season B","KG/HA","2021","752.4873"
"Muhanga","Sorghum","Season C","KG/HA","2021","28.45102"
"Muhanga","Paddy rice","Season A","KG/HA","2021","3466.26005808235"
"Muhanga","Paddy rice","Season B","KG/HA","2021","2903.09272968869"
"Muhanga","Paddy rice","Season C","KG/HA","2021","145.0699"
"Muhanga","Wheat","Season A","KG/HA","2021","3624.56201990995"
"Muhanga","Wheat","Season B","KG/HA","2021","1132.6399060131"
"Muhanga","Wheat","Season C","KG/HA","2021","3.421103"
"Muhanga","Cassava","Season A","KG/HA","2021","13414.73"
"Muhanga","Cassava","Season B","KG/HA","2021","16332.03"
"Muhanga","Cassava","Season C","KG/HA","2021","9577.066"
"Muhanga","Sweet potatoes","Season A","KG/HA","2021","6401.29"
"Muhanga","Sweet potatoes","Season B","KG/HA","2021","6809.263"
"Muhanga","Sweet potatoes","Season C","KG/HA","2021","4332.668"
"Muhanga","Yams & Taro","Season A","KG/HA","2021","6735.271"
"Muhanga","Yams & Taro","Season B","KG/HA","2021","7116.31"
"Muhanga","Yams & Taro","Season C","KG/HA","2021","3146.294"
"Muhanga","Irish potatoes","Season A","KG/HA","2021","3149.93616529312"
"Muhanga","Irish potatoes","Season B","KG/HA","2021","3874.01583027179"
"Muhanga","Irish potatoes","Season C","KG/HA","2021","355.68836"
"Muhanga","Cooking Banana","Season A","KG/HA","2021","10307.65"
"Muhanga","Cooking Banana","Season B","KG/HA","2021","15171.76"
"Muhanga","Cooking Banana","Season C","KG/HA","2021","2209.459"
"Muhanga","Bananas","Season A","KG/HA","2021","9133.92618132699"
"Muhanga","Bananas","Season B","KG/HA","2021","9077.36307005665"
"Muhanga","Bananas","Season C","KG/HA","2021","3274.536"
"Muhanga","Beans","Season B","KG/HA","2021","632.082223848276"
"Muhanga","Beans","Season C","KG/HA","2021","3695.299"
"Muhanga","Peas","Season A","KG/HA","2021","926.6701"
"Muhanga","Peas","Season B","KG/HA","2021","504.9013"
"Muhanga","Peas","Season C","KG/HA","2021","54.62596"
"Muhanga","Ground nuts","Season A","KG/HA","2021","372.5061"
"Muhanga","Ground nuts","Season B","KG/HA","2021","362.9165"
"Muhanga","Ground nuts","Season C","KG/HA","2021","19.91571"
"Muhanga","Soya beans","Season A","KG/HA","2021","548.2653"
"Muhanga","Soya beans","Season B","KG/HA","2021","385.4482"
"Muhanga","Soya beans","Season C","KG/HA","2021","1943.174"
"Muhanga","Bush bean","Season A","KG/HA","2021","469.7843"
"Muhanga","Bush bean","Season B","KG/HA","2021","595.026591319862"
"Muhanga","Bush bean","Season C","KG/HA","2021","0"
"Muhanga","Climbing bean","Season A","KG/HA","2021","585.3067"
"Muhanga","Climbing bean","Season B","KG/HA","2021","699.152477971834"
"Muhanga","Climbing bean","Season C","KG/HA","2021","3351.522"
"Muhanga","Banana for beer","Season A","KG/HA","2021","8770.356"
"Muhanga","Banana for beer","Season B","KG/HA","2021","8471.46"
"Muhanga","Banana for beer","Season C","KG/HA","2021","3695.299"
"Muhanga","Dessert banana","Season A","KG/HA","2021","9568.632"
"Muhanga","Dessert banana","Season B","KG/HA","2021","10058.1"
"Muhanga","Dessert banana","Season C","KG/HA","2021","11261.94"
"Kamonyi","Maize","Season A","KG/HA","2021","1381.27152494512"
"Kamonyi","Maize","Season B","KG/HA","2021","884.500667815352"
"Kamonyi","Maize","Season C","KG/HA","2021","4066.5542"
"Kamonyi","Sorghum","Season A","KG/HA","2021","0"
"Kamonyi","Sorghum","Season B","KG/HA","2021","1025.671"
"Kamonyi","Sorghum","Season C","KG/HA","2021","0"
"Kamonyi","Paddy rice","Season A","KG/HA","2021","4176.45966551425"
"Kamonyi","Paddy rice","Season B","KG/HA","2021","3028.90450506016"
"Kamonyi","Paddy rice","Season C","KG/HA","2021","183.6431"
"Kamonyi","Wheat","Season A","KG/HA","2021","0"
"Kamonyi","Wheat","Season B","KG/HA","2021","0"
"Kamonyi","Wheat","Season C","KG/HA","2021","0"
"Kamonyi","Cassava","Season A","KG/HA","2021","14537.03"
"Kamonyi","Cassava","Season B","KG/HA","2021","16034.76"
"Kamonyi","Cassava","Season C","KG/HA","2021","12302.97"
"Kamonyi","Sweet potatoes","Season A","KG/HA","2021","4610.439"
"Kamonyi","Sweet potatoes","Season B","KG/HA","2021","5942.815"
"Kamonyi","Sweet potatoes","Season C","KG/HA","2021","2380.652"
"Kamonyi","Yams & Taro","Season A","KG/HA","2021","4494.0114082749"
"Kamonyi","Yams & Taro","Season B","KG/HA","2021","8859.797"
"Kamonyi","Yams & Taro","Season C","KG/HA","2021","361.26359"
"Kamonyi","Irish potatoes","Season A","KG/HA","2021","3379.436"
"Kamonyi","Irish potatoes","Season B","KG/HA","2021","2291.36879248792"
"Kamonyi","Irish potatoes","Season C","KG/HA","2021","672.7121"
"Kamonyi","Cooking Banana","Season A","KG/HA","2021","10788.2"
"Kamonyi","Cooking Banana","Season B","KG/HA","2021","17576.1"
"Kamonyi","Cooking Banana","Season C","KG/HA","2021","1862.313"
"Kamonyi","Bananas","Season A","KG/HA","2021","9704.38903118718"
"Kamonyi","Bananas","Season B","KG/HA","2021","9302.77106385952"
"Kamonyi","Bananas","Season C","KG/HA","2021","2118.68"
"Kamonyi","Beans","Season B","KG/HA","2021","583.152647976246"
"Kamonyi","Beans","Season C","KG/HA","2021","11962.86102"
"Kamonyi","Peas","Season A","KG/HA","2021","401.7632"
"Kamonyi","Peas","Season B","KG/HA","2021","855.860784104379"
"Kamonyi","Peas","Season C","KG/HA","2021","82.71744"
"Kamonyi","Ground nuts","Season A","KG/HA","2021","332.1555"
"Kamonyi","Ground nuts","Season B","KG/HA","2021","393.6487"
"Kamonyi","Ground nuts","Season C","KG/HA","2021","957.8184"
"Kamonyi","Soya beans","Season A","KG/HA","2021","578.765465212678"
"Kamonyi","Soya beans","Season B","KG/HA","2021","443.1324"
"Kamonyi","Soya beans","Season C","KG/HA","2021","2657.47089"
"Kamonyi","Bush bean","Season A","KG/HA","2021","561.14792936038"
"Kamonyi","Bush bean","Season B","KG/HA","2021","555.121883420075"
"Kamonyi","Bush bean","Season C","KG/HA","2021","0"
"Kamonyi","Climbing bean","Season A","KG/HA","2021","706.5405"
"Kamonyi","Climbing bean","Season B","KG/HA","2021","793.2791"
"Kamonyi","Climbing bean","Season C","KG/HA","2021","1879.828"
"Kamonyi","Banana for beer","Season A","KG/HA","2021","9903.327"
"Kamonyi","Banana for beer","Season B","KG/HA","2021","8066.25"
"Kamonyi","Banana for beer","Season C","KG/HA","2021","11962.86102"
"Kamonyi","Dessert banana","Season A","KG/HA","2021","7266.121"
"Kamonyi","Dessert banana","Season B","KG/HA","2021","11167.34"
"Kamonyi","Dessert banana","Season C","KG/HA","2021","8529.38"
"Karongi","Maize","Season A","KG/HA","2021","1582.389"
"Karongi","Maize","Season B","KG/HA","2021","1385.114"
"Karongi","Maize","Season C","KG/HA","2021","8207.594"
"Karongi","Sorghum","Season A","KG/HA","2021","0"
"Karongi","Sorghum","Season B","KG/HA","2021","757.4904"
"Karongi","Sorghum","Season C","KG/HA","2021","0"
"Karongi","Paddy rice","Season A","KG/HA","2021","0"
"Karongi","Paddy rice","Season B","KG/HA","2021","0"
"Karongi","Paddy rice","Season C","KG/HA","2021","0"
"Karongi","Wheat","Season A","KG/HA","2021","536.6506"
"Karongi","Wheat","Season B","KG/HA","2021","887.8454"
"Karongi","Wheat","Season C","KG/HA","2021","64.79799"
"Karongi","Cassava","Season A","KG/HA","2021","8069.631"
"Karongi","Cassava","Season B","KG/HA","2021","14070.77"
"Karongi","Cassava","Season C","KG/HA","2021","8702.98"
"Karongi","Sweet potatoes","Season A","KG/HA","2021","6877.342"
"Karongi","Sweet potatoes","Season B","KG/HA","2021","10966.76"
"Karongi","Sweet potatoes","Season C","KG/HA","2021","5101.598"
"Karongi","Yams & Taro","Season A","KG/HA","2021","5621.023"
"Karongi","Yams & Taro","Season B","KG/HA","2021","9463.293"
"Karongi","Yams & Taro","Season C","KG/HA","2021","1303.041"
"Karongi","Irish potatoes","Season A","KG/HA","2021","8720.809"
"Karongi","Irish potatoes","Season B","KG/HA","2021","4536.578"
"Karongi","Irish potatoes","Season C","KG/HA","2021","1069.732"
"Karongi","Cooking Banana","Season A","KG/HA","2021","13062.43"
"Karongi","Cooking Banana","Season B","KG/HA","2021","15614.13"
"Karongi","Cooking Banana","Season C","KG/HA","2021","1606.661"
"Karongi","Bananas","Season A","KG/HA","2021","11906.8172330108"
"Karongi","Bananas","Season B","KG/HA","2021","10182.4789187426"
"Karongi","Bananas","Season C","KG/HA","2021","2414.398"
"Karongi","Beans","Season B","KG/HA","2021","793.070592405379"
"Karongi","Beans","Season C","KG/HA","2021","2539.006"
"Karongi","Peas","Season A","KG/HA","2021","924.7306"
"Karongi","Peas","Season B","KG/HA","2021","1105.204"
"Karongi","Peas","Season C","KG/HA","2021","811.684"
"Karongi","Ground nuts","Season A","KG/HA","2021","0"
"Karongi","Ground nuts","Season B","KG/HA","2021","466.7037"
"Karongi","Ground nuts","Season C","KG/HA","2021","0"
"Karongi","Soya beans","Season A","KG/HA","2021","584.2321"
"Karongi","Soya beans","Season B","KG/HA","2021","466.5522"
"Karongi","Soya beans","Season C","KG/HA","2021","1136.461"
"Karongi","Bush bean","Season A","KG/HA","2021","572.3909"
"Karongi","Bush bean","Season B","KG/HA","2021","765.9504"
"Karongi","Bush bean","Season C","KG/HA","2021","0"
"Karongi","Climbing bean","Season A","KG/HA","2021","1013.304"
"Karongi","Climbing bean","Season B","KG/HA","2021","805.728"
"Karongi","Climbing bean","Season C","KG/HA","2021","4273.146"
"Karongi","Banana for beer","Season A","KG/HA","2021","11540.89"
"Karongi","Banana for beer","Season B","KG/HA","2021","9761.096"
"Karongi","Banana for beer","Season C","KG/HA","2021","2539.006"
"Karongi","Dessert banana","Season A","KG/HA","2021","12020.04"
"Karongi","Dessert banana","Season B","KG/HA","2021","12758.24"
"Karongi","Dessert banana","Season C","KG/HA","2021","7671.357"
"Rutsiro","Maize","Season A","KG/HA","2021","1601.568"
"Rutsiro","Maize","Season B","KG/HA","2021","1518.382"
"Rutsiro","Maize","Season C","KG/HA","2021","6697.671"
"Rutsiro","Sorghum","Season A","KG/HA","2021","0"
"Rutsiro","Sorghum","Season B","KG/HA","2021","1333.099"
"Rutsiro","Sorghum","Season C","KG/HA","2021","0"
"Rutsiro","Paddy rice","Season A","KG/HA","2021","0"
"Rutsiro","Paddy rice","Season B","KG/HA","2021","0"
"Rutsiro","Paddy rice","Season C","KG/HA","2021","0"
"Rutsiro","Wheat","Season A","KG/HA","2021","536.2912"
"Rutsiro","Wheat","Season B","KG/HA","2021","379.8938"
"Rutsiro","Wheat","Season C","KG/HA","2021","318.08"
"Rutsiro","Cassava","Season A","KG/HA","2021","12453.38"
"Rutsiro","Cassava","Season B","KG/HA","2021","14660.21"
"Rutsiro","Cassava","Season C","KG/HA","2021","2394.614"
"Rutsiro","Sweet potatoes","Season A","KG/HA","2021","7364.778"
"Rutsiro","Sweet potatoes","Season B","KG/HA","2021","6633.614"
"Rutsiro","Sweet potatoes","Season C","KG/HA","2021","3888.777"
"Rutsiro","Yams & Taro","Season A","KG/HA","2021","7416.743"
"Rutsiro","Yams & Taro","Season B","KG/HA","2021","8145.856"
"Rutsiro","Yams & Taro","Season C","KG/HA","2021","1304.654"
"Rutsiro","Irish potatoes","Season A","KG/HA","2021","9511.083"
"Rutsiro","Irish potatoes","Season B","KG/HA","2021","4596.744"
"Rutsiro","Irish potatoes","Season C","KG/HA","2021","3140.95"
"Rutsiro","Cooking Banana","Season A","KG/HA","2021","12979.06"
"Rutsiro","Cooking Banana","Season B","KG/HA","2021","23249.75"
"Rutsiro","Cooking Banana","Season C","KG/HA","2021","1361.009"
"Rutsiro","Bananas","Season A","KG/HA","2021","11146.6721160684"
"Rutsiro","Bananas","Season B","KG/HA","2021","14457.7450033243"
"Rutsiro","Bananas","Season C","KG/HA","2021","1837.108"
"Rutsiro","Beans","Season B","KG/HA","2021","799.667128578192"
"Rutsiro","Beans","Season C","KG/HA","2021","570.2211"
"Rutsiro","Peas","Season A","KG/HA","2021","842.006"
"Rutsiro","Peas","Season B","KG/HA","2021","739.8917"
"Rutsiro","Peas","Season C","KG/HA","2021","605.212"
"Rutsiro","Ground nuts","Season A","KG/HA","2021","0"
"Rutsiro","Ground nuts","Season B","KG/HA","2021","0"
"Rutsiro","Ground nuts","Season C","KG/HA","2021","0"
"Rutsiro","Soya beans","Season A","KG/HA","2021","644.8452"
"Rutsiro","Soya beans","Season B","KG/HA","2021","544.2253"
"Rutsiro","Soya beans","Season C","KG/HA","2021","839.7714"
"Rutsiro","Bush bean","Season A","KG/HA","2021","466.2736"
"Rutsiro","Bush bean","Season B","KG/HA","2021","675.0345"
"Rutsiro","Bush bean","Season C","KG/HA","2021","0"
"Rutsiro","Climbing bean","Season A","KG/HA","2021","921.1631"
"Rutsiro","Climbing bean","Season B","KG/HA","2021","817.3714"
"Rutsiro","Climbing bean","Season C","KG/HA","2021","3765.276"
"Rutsiro","Banana for beer","Season A","KG/HA","2021","11061.28"
"Rutsiro","Banana for beer","Season B","KG/HA","2021","9763.521"
"Rutsiro","Banana for beer","Season C","KG/HA","2021","570.2211"
"Rutsiro","Dessert banana","Season A","KG/HA","2021","8238.343"
"Rutsiro","Dessert banana","Season B","KG/HA","2021","17813.79"
"Rutsiro","Dessert banana","Season C","KG/HA","2021","3880.168"
"Rubavu","Maize","Season A","KG/HA","2021","1581.46558931525"
"Rubavu","Maize","Season B","KG/HA","2021","1848.76233134702"
"Rubavu","Maize","Season C","KG/HA","2021","2128.19633"
"Rubavu","Sorghum","Season A","KG/HA","2021","768.7211"
"Rubavu","Sorghum","Season B","KG/HA","2021","1769.032"
"Rubavu","Sorghum","Season C","KG/HA","2021","134.6179"
"Rubavu","Paddy rice","Season A","KG/HA","2021","0"
"Rubavu","Paddy rice","Season B","KG/HA","2021","0"
"Rubavu","Paddy rice","Season C","KG/HA","2021","0"
"Rubavu","Wheat","Season A","KG/HA","2021","0"
"Rubavu","Wheat","Season B","KG/HA","2021","0"
"Rubavu","Wheat","Season C","KG/HA","2021","0"
"Rubavu","Cassava","Season A","KG/HA","2021","0"
"Rubavu","Cassava","Season B","KG/HA","2021","11902.22"
"Rubavu","Cassava","Season C","KG/HA","2021","735.647163"
"Rubavu","Sweet potatoes","Season A","KG/HA","2021","7056.169"
"Rubavu","Sweet potatoes","Season B","KG/HA","2021","6339.777"
"Rubavu","Sweet potatoes","Season C","KG/HA","2021","708.2816"
"Rubavu","Yams & Taro","Season A","KG/HA","2021","4619.78713188033"
"Rubavu","Yams & Taro","Season B","KG/HA","2021","5283.93316745927"
"Rubavu","Yams & Taro","Season C","KG/HA","2021","106.554853"
"Rubavu","Irish potatoes","Season A","KG/HA","2021","12764.3293994111"
"Rubavu","Irish potatoes","Season B","KG/HA","2021","10844.749790878"
"Rubavu","Irish potatoes","Season C","KG/HA","2021","5467.60762"
"Rubavu","Cooking Banana","Season A","KG/HA","2021","9542.8830276015"
"Rubavu","Cooking Banana","Season B","KG/HA","2021","18656.4753262128"
"Rubavu","Cooking Banana","Season C","KG/HA","2021","339.3778"
"Rubavu","Bananas","Season A","KG/HA","2021","10227.6367667756"
"Rubavu","Bananas","Season B","KG/HA","2021","12829.7767803343"
"Rubavu","Bananas","Season C","KG/HA","2021","1097.58691"
"Rubavu","Beans","Season B","KG/HA","2021","925.668499333043"
"Rubavu","Beans","Season C","KG/HA","2021","816.835889"
"Rubavu","Peas","Season A","KG/HA","2021","655.683195470911"
"Rubavu","Peas","Season B","KG/HA","2021","902.9916"
"Rubavu","Peas","Season C","KG/HA","2021","78.360263"
"Rubavu","Ground nuts","Season A","KG/HA","2021","620.6706"
"Rubavu","Ground nuts","Season B","KG/HA","2021","0"
"Rubavu","Ground nuts","Season C","KG/HA","2021","42.04223"
"Rubavu","Soya beans","Season A","KG/HA","2021","1071.71"
"Rubavu","Soya beans","Season B","KG/HA","2021","990.773"
"Rubavu","Soya beans","Season C","KG/HA","2021","259.6483"
"Rubavu","Bush bean","Season A","KG/HA","2021","433.020563317976"
"Rubavu","Bush bean","Season B","KG/HA","2021","387.764"
"Rubavu","Bush bean","Season C","KG/HA","2021","0"
"Rubavu","Climbing bean","Season A","KG/HA","2021","757.439118003306"
"Rubavu","Climbing bean","Season B","KG/HA","2021","995.463720248513"
"Rubavu","Climbing bean","Season C","KG/HA","2021","6971.593025"
"Rubavu","Banana for beer","Season A","KG/HA","2021","11470.23"
"Rubavu","Banana for beer","Season B","KG/HA","2021","11211.76"
"Rubavu","Banana for beer","Season C","KG/HA","2021","816.835889"
"Rubavu","Dessert banana","Season A","KG/HA","2021","6110.053"
"Rubavu","Dessert banana","Season B","KG/HA","2021","12624.47"
"Rubavu","Dessert banana","Season C","KG/HA","2021","1887.355"
"Nyabihu","Maize","Season A","KG/HA","2021","1216.471"
"Nyabihu","Maize","Season B","KG/HA","2021","1436.125"
"Nyabihu","Maize","Season C","KG/HA","2021","3458.192"
"Nyabihu","Sorghum","Season A","KG/HA","2021","858.4556"
"Nyabihu","Sorghum","Season B","KG/HA","2021","0"
"Nyabihu","Sorghum","Season C","KG/HA","2021","1247.514"
"Nyabihu","Paddy rice","Season A","KG/HA","2021","0"
"Nyabihu","Paddy rice","Season B","KG/HA","2021","0"
"Nyabihu","Paddy rice","Season C","KG/HA","2021","0"
"Nyabihu","Wheat","Season A","KG/HA","2021","1020.625"
"Nyabihu","Wheat","Season B","KG/HA","2021","965.0278"
"Nyabihu","Wheat","Season C","KG/HA","2021","1241.928"
"Nyabihu","Cassava","Season A","KG/HA","2021","10811.76"
"Nyabihu","Cassava","Season B","KG/HA","2021","9276.24"
"Nyabihu","Cassava","Season C","KG/HA","2021","859.1095"
"Nyabihu","Sweet potatoes","Season A","KG/HA","2021","6973.251"
"Nyabihu","Sweet potatoes","Season B","KG/HA","2021","5945.193"
"Nyabihu","Sweet potatoes","Season C","KG/HA","2021","3008.485"
"Nyabihu","Yams & Taro","Season A","KG/HA","2021","8409.841"
"Nyabihu","Yams & Taro","Season B","KG/HA","2021","8690.279"
"Nyabihu","Yams & Taro","Season C","KG/HA","2021","102.1068"
"Nyabihu","Irish potatoes","Season A","KG/HA","2021","12733.74"
"Nyabihu","Irish potatoes","Season B","KG/HA","2021","11074.56"
"Nyabihu","Irish potatoes","Season C","KG/HA","2021","9059.189"
"Nyabihu","Cooking Banana","Season A","KG/HA","2021","11106.8"
"Nyabihu","Cooking Banana","Season B","KG/HA","2021","16985.45"
"Nyabihu","Cooking Banana","Season C","KG/HA","2021","232.1372"
"Nyabihu","Bananas","Season A","KG/HA","2021","7901.56442515386"
"Nyabihu","Bananas","Season B","KG/HA","2021","9834.02974499075"
"Nyabihu","Bananas","Season C","KG/HA","2021","469.1677"
"Nyabihu","Beans","Season B","KG/HA","2021","945.3135"
"Nyabihu","Beans","Season C","KG/HA","2021","218.8879"
"Nyabihu","Peas","Season A","KG/HA","2021","818.6313"
"Nyabihu","Peas","Season B","KG/HA","2021","697.2651"
"Nyabihu","Peas","Season C","KG/HA","2021","822.3719"
"Nyabihu","Ground nuts","Season A","KG/HA","2021","0"
"Nyabihu","Ground nuts","Season B","KG/HA","2021","0"
"Nyabihu","Ground nuts","Season C","KG/HA","2021","0"
"Nyabihu","Soya beans","Season A","KG/HA","2021","0"
"Nyabihu","Soya beans","Season B","KG/HA","2021","370.2503"
"Nyabihu","Soya beans","Season C","KG/HA","2021","0"
"Nyabihu","Bush bean","Season A","KG/HA","2021","382.3994"
"Nyabihu","Bush bean","Season B","KG/HA","2021","0"
"Nyabihu","Bush bean","Season C","KG/HA","2021","0"
"Nyabihu","Climbing bean","Season A","KG/HA","2021","565.7609"
"Nyabihu","Climbing bean","Season B","KG/HA","2021","945.3135"
"Nyabihu","Climbing bean","Season C","KG/HA","2021","7319.549"
"Nyabihu","Banana for beer","Season A","KG/HA","2021","7222.935"
"Nyabihu","Banana for beer","Season B","KG/HA","2021","7521.973"
"Nyabihu","Banana for beer","Season C","KG/HA","2021","218.8879"
"Nyabihu","Dessert banana","Season A","KG/HA","2021","6608.57"
"Nyabihu","Dessert banana","Season B","KG/HA","2021","9275.604"
"Nyabihu","Dessert banana","Season C","KG/HA","2021","723.9698"
"Ngororero","Maize","Season A","KG/HA","2021","921.0317"
"Ngororero","Maize","Season B","KG/HA","2021","1031.29"
"Ngororero","Maize","Season C","KG/HA","2021","5230.756"
"Ngororero","Sorghum","Season A","KG/HA","2021","819.299"
"Ngororero","Sorghum","Season B","KG/HA","2021","0"
"Ngororero","Sorghum","Season C","KG/HA","2021","451.7172"
"Ngororero","Paddy rice","Season A","KG/HA","2021","0"
"Ngororero","Paddy rice","Season B","KG/HA","2021","0"
"Ngororero","Paddy rice","Season C","KG/HA","2021","0"
"Ngororero","Wheat","Season A","KG/HA","2021","863.8193"
"Ngororero","Wheat","Season B","KG/HA","2021","862.2111"
"Ngororero","Wheat","Season C","KG/HA","2021","512.9681"
"Ngororero","Cassava","Season B","KG/HA","2021","12107.92"
"Ngororero","Sweet potatoes","Season A","KG/HA","2021","6320.505"
"Ngororero","Sweet potatoes","Season B","KG/HA","2021","6451.647"
"Ngororero","Sweet potatoes","Season C","KG/HA","2021","5388.69"
"Ngororero","Yams & Taro","Season A","KG/HA","2021","6727.996"
"Ngororero","Yams & Taro","Season B","KG/HA","2021","9496.197"
"Ngororero","Yams & Taro","Season C","KG/HA","2021","1807.123"
"Ngororero","Irish potatoes","Season A","KG/HA","2021","4650.962"
"Ngororero","Irish potatoes","Season B","KG/HA","2021","4062.912"
"Ngororero","Irish potatoes","Season C","KG/HA","2021","1727.841"
"Ngororero","Cooking Banana","Season A","KG/HA","2021","8034.594"
"Ngororero","Cooking Banana","Season B","KG/HA","2021","15336.44"
"Ngororero","Cooking Banana","Season C","KG/HA","2021","2095.41"
"Ngororero","Bananas","Season A","KG/HA","2021","7824.02795342968"
"Ngororero","Bananas","Season B","KG/HA","2021","9941.48496886039"
"Ngororero","Bananas","Season C","KG/HA","2021","2363.577"
"Ngororero","Beans","Season B","KG/HA","2021","682.815571708388"
"Ngororero","Beans","Season C","KG/HA","2021","2031.899"
"Ngororero","Peas","Season A","KG/HA","2021","782.2432"
"Ngororero","Peas","Season B","KG/HA","2021","950.1298"
"Ngororero","Peas","Season C","KG/HA","2021","483.2533"
"Ngororero","Ground nuts","Season A","KG/HA","2021","0"
"Ngororero","Ground nuts","Season B","KG/HA","2021","0"
"Ngororero","Ground nuts","Season C","KG/HA","2021","0"
"Ngororero","Soya beans","Season A","KG/HA","2021","325.0647"
"Ngororero","Soya beans","Season B","KG/HA","2021","325.0248"
"Ngororero","Soya beans","Season C","KG/HA","2021","1407.406"
"Ngororero","Bush bean","Season A","KG/HA","2021","431.8655"
"Ngororero","Bush bean","Season B","KG/HA","2021","563.6223"
"Ngororero","Bush bean","Season C","KG/HA","2021","0"
"Ngororero","Climbing bean","Season A","KG/HA","2021","748.2488"
"Ngororero","Climbing bean","Season B","KG/HA","2021","708.3848"
"Ngororero","Climbing bean","Season C","KG/HA","2021","10180.7"
"Ngororero","Banana for beer","Season A","KG/HA","2021","7916.575"
"Ngororero","Banana for beer","Season B","KG/HA","2021","9329.563"
"Ngororero","Banana for beer","Season C","KG/HA","2021","2031.899"
"Ngororero","Dessert banana","Season A","KG/HA","2021","7323.699"
"Ngororero","Dessert banana","Season B","KG/HA","2021","12943.9"
"Ngororero","Dessert banana","Season C","KG/HA","2021","8407.563"
"Rusizi","Maize","Season A","KG/HA","2021","1511.63098275177"
"Rusizi","Maize","Season B","KG/HA","2021","1337.0946558579"
"Rusizi","Maize","Season C","KG/HA","2021","7132.99931"
"Rusizi","Sorghum","Season A","KG/HA","2021","429.4246"
"Rusizi","Sorghum","Season B","KG/HA","2021","585.0418"
"Rusizi","Sorghum","Season C","KG/HA","2021","29.65248"
"Rusizi","Paddy rice","Season A","KG/HA","2021","4832.65129499741"
"Rusizi","Paddy rice","Season B","KG/HA","2021","5316.85444730992"
"Rusizi","Paddy rice","Season C","KG/HA","2021","1498.68942"
"Rusizi","Wheat","Season A","KG/HA","2021","0"
"Rusizi","Wheat","Season B","KG/HA","2021","0"
"Rusizi","Wheat","Season C","KG/HA","2021","0"
"Rusizi","Cassava","Season A","KG/HA","2021","10785.91"
"Rusizi","Cassava","Season B","KG/HA","2021","9133.44015939515"
"Rusizi","Cassava","Season C","KG/HA","2021","14994.662095"
"Rusizi","Sweet potatoes","Season A","KG/HA","2021","5841.53629816898"
"Rusizi","Sweet potatoes","Season B","KG/HA","2021","8951.743"
"Rusizi","Sweet potatoes","Season C","KG/HA","2021","2242.1550722"
"Rusizi","Yams & Taro","Season A","KG/HA","2021","6561.68151769414"
"Rusizi","Yams & Taro","Season B","KG/HA","2021","7415.531"
"Rusizi","Yams & Taro","Season C","KG/HA","2021","1432.8844702"
"Rusizi","Irish potatoes","Season A","KG/HA","2021","3896.697"
"Rusizi","Irish potatoes","Season B","KG/HA","2021","6988.81"
"Rusizi","Irish potatoes","Season C","KG/HA","2021","200.1913"
"Rusizi","Cooking Banana","Season A","KG/HA","2021","8530.24473573505"
"Rusizi","Cooking Banana","Season B","KG/HA","2021","17741.4319330673"
"Rusizi","Cooking Banana","Season C","KG/HA","2021","566.1977"
"Rusizi","Bananas","Season A","KG/HA","2021","9270.98259530514"
"Rusizi","Bananas","Season B","KG/HA","2021","12818.4324978596"
"Rusizi","Bananas","Season C","KG/HA","2021","2171.894006"
"Rusizi","Beans","Season B","KG/HA","2021","796.612819895043"
"Rusizi","Beans","Season C","KG/HA","2021","10409.687094"
"Rusizi","Peas","Season A","KG/HA","2021","847.7432"
"Rusizi","Peas","Season B","KG/HA","2021","916.9756"
"Rusizi","Peas","Season C","KG/HA","2021","148.8946"
"Rusizi","Ground nuts","Season A","KG/HA","2021","602.0294"
"Rusizi","Ground nuts","Season B","KG/HA","2021","456.8544"
"Rusizi","Ground nuts","Season C","KG/HA","2021","441.5524"
"Rusizi","Soya beans","Season A","KG/HA","2021","738.066218015624"
"Rusizi","Soya beans","Season B","KG/HA","2021","538.6404"
"Rusizi","Soya beans","Season C","KG/HA","2021","1421.774549"
"Rusizi","Bush bean","Season A","KG/HA","2021","618.733760744106"
"Rusizi","Bush bean","Season B","KG/HA","2021","773.520068120594"
"Rusizi","Bush bean","Season C","KG/HA","2021","0"
"Rusizi","Climbing bean","Season A","KG/HA","2021","622.8173"
"Rusizi","Climbing bean","Season B","KG/HA","2021","849.3958"
"Rusizi","Climbing bean","Season C","KG/HA","2021","2437.035"
"Rusizi","Banana for beer","Season A","KG/HA","2021","9947.63878777007"
"Rusizi","Banana for beer","Season B","KG/HA","2021","9133.47201083195"
"Rusizi","Banana for beer","Season C","KG/HA","2021","10409.687094"
"Rusizi","Dessert banana","Season A","KG/HA","2021","7417.139"
"Rusizi","Dessert banana","Season B","KG/HA","2021","17074.57"
"Rusizi","Dessert banana","Season C","KG/HA","2021","3210.038006"
"Nyamasheke","Maize","Season A","KG/HA","2021","1547.60768846698"
"Nyamasheke","Maize","Season B","KG/HA","2021","1034.446"
"Nyamasheke","Maize","Season C","KG/HA","2021","5432.6377065"
"Nyamasheke","Sorghum","Season A","KG/HA","2021","726.365"
"Nyamasheke","Sorghum","Season B","KG/HA","2021","1040.088"
"Nyamasheke","Sorghum","Season C","KG/HA","2021","98.87641"
"Nyamasheke","Paddy rice","Season A","KG/HA","2021","5658.18978213156"
"Nyamasheke","Paddy rice","Season B","KG/HA","2021","4290.35036634029"
"Nyamasheke","Paddy rice","Season C","KG/HA","2021","336.7904"
"Nyamasheke","Wheat","Season A","KG/HA","2021","504.2599"
"Nyamasheke","Wheat","Season B","KG/HA","2021","670.1035"
"Nyamasheke","Wheat","Season C","KG/HA","2021","29.96255"
"Nyamasheke","Cassava","Season A","KG/HA","2021","9991.498"
"Nyamasheke","Cassava","Season B","KG/HA","2021","11362.43"
"Nyamasheke","Cassava","Season C","KG/HA","2021","11953.9611169"
"Nyamasheke","Sweet potatoes","Season A","KG/HA","2021","4025.65"
"Nyamasheke","Sweet potatoes","Season B","KG/HA","2021","8303.232"
"Nyamasheke","Sweet potatoes","Season C","KG/HA","2021","3832.771"
"Nyamasheke","Yams & Taro","Season A","KG/HA","2021","4833.575"
"Nyamasheke","Yams & Taro","Season B","KG/HA","2021","6578.525"
"Nyamasheke","Yams & Taro","Season C","KG/HA","2021","1256.418"
"Nyamasheke","Irish potatoes","Season A","KG/HA","2021","4741.875"
"Nyamasheke","Irish potatoes","Season B","KG/HA","2021","0"
"Nyamasheke","Irish potatoes","Season C","KG/HA","2021","122.4184"
"Nyamasheke","Cooking Banana","Season A","KG/HA","2021","8350.89"
"Nyamasheke","Cooking Banana","Season B","KG/HA","2021","14741.44"
"Nyamasheke","Cooking Banana","Season C","KG/HA","2021","1083.451"
"Nyamasheke","Bananas","Season A","KG/HA","2021","7846.49840379103"
"Nyamasheke","Bananas","Season B","KG/HA","2021","12208.7546611239"
"Nyamasheke","Bananas","Season C","KG/HA","2021","2432.522"
"Nyamasheke","Beans","Season B","KG/HA","2021","728.930438507699"
"Nyamasheke","Beans","Season C","KG/HA","2021","2694.246532"
"Nyamasheke","Peas","Season A","KG/HA","2021","730.2451"
"Nyamasheke","Peas","Season B","KG/HA","2021","792.0192"
"Nyamasheke","Peas","Season C","KG/HA","2021","148.4672"
"Nyamasheke","Ground nuts","Season A","KG/HA","2021","497.946246593727"
"Nyamasheke","Ground nuts","Season B","KG/HA","2021","480.155574858107"
"Nyamasheke","Ground nuts","Season C","KG/HA","2021","259.72672"
"Nyamasheke","Soya beans","Season A","KG/HA","2021","610.0462"
"Nyamasheke","Soya beans","Season B","KG/HA","2021","500.4805"
"Nyamasheke","Soya beans","Season C","KG/HA","2021","1464.982"
"Nyamasheke","Bush bean","Season A","KG/HA","2021","590.833054676082"
"Nyamasheke","Bush bean","Season B","KG/HA","2021","542.0559"
"Nyamasheke","Bush bean","Season C","KG/HA","2021","0"
"Nyamasheke","Climbing bean","Season A","KG/HA","2021","890.927510222172"
"Nyamasheke","Climbing bean","Season B","KG/HA","2021","783.8582"
"Nyamasheke","Climbing bean","Season C","KG/HA","2021","5550.45412"
"Nyamasheke","Banana for beer","Season A","KG/HA","2021","7599.518"
"Nyamasheke","Banana for beer","Season B","KG/HA","2021","11376.04"
"Nyamasheke","Banana for beer","Season C","KG/HA","2021","2694.246532"
"Nyamasheke","Dessert banana","Season A","KG/HA","2021","7962.956"
"Nyamasheke","Dessert banana","Season B","KG/HA","2021","13919.09"
"Nyamasheke","Dessert banana","Season C","KG/HA","2021","4075.566"
"Rulindo","Maize","Season A","KG/HA","2021","1533.51905647844"
"Rulindo","Maize","Season B","KG/HA","2021","1158.28142471114"
"Rulindo","Maize","Season C","KG/HA","2021","4163.547203"
"Rulindo","Sorghum","Season A","KG/HA","2021","0"
"Rulindo","Sorghum","Season B","KG/HA","2021","1003.03263408389"
"Rulindo","Sorghum","Season C","KG/HA","2021","0"
"Rulindo","Paddy rice","Season A","KG/HA","2021","3919.37832723114"
"Rulindo","Paddy rice","Season B","KG/HA","2021","2398.12897976998"
"Rulindo","Paddy rice","Season C","KG/HA","2021","16.50772"
"Rulindo","Wheat","Season A","KG/HA","2021","877.997926263225"
"Rulindo","Wheat","Season B","KG/HA","2021","840.132408961428"
"Rulindo","Wheat","Season C","KG/HA","2021","51.155804"
"Rulindo","Cassava","Season A","KG/HA","2021","11895.89"
"Rulindo","Cassava","Season B","KG/HA","2021","15873.02"
"Rulindo","Cassava","Season C","KG/HA","2021","4566.098"
"Rulindo","Sweet potatoes","Season A","KG/HA","2021","6763.994"
"Rulindo","Sweet potatoes","Season B","KG/HA","2021","7033.38"
"Rulindo","Sweet potatoes","Season C","KG/HA","2021","4329.216"
"Rulindo","Yams & Taro","Season A","KG/HA","2021","4693.351"
"Rulindo","Yams & Taro","Season B","KG/HA","2021","6277.813"
"Rulindo","Yams & Taro","Season C","KG/HA","2021","79.08111"
"Rulindo","Irish potatoes","Season A","KG/HA","2021","4803.23704328187"
"Rulindo","Irish potatoes","Season B","KG/HA","2021","5358.78602035042"
"Rulindo","Irish potatoes","Season C","KG/HA","2021","1152.63297"
"Rulindo","Cooking Banana","Season A","KG/HA","2021","10377.57"
"Rulindo","Cooking Banana","Season B","KG/HA","2021","19967.74"
"Rulindo","Cooking Banana","Season C","KG/HA","2021","1318.994"
"Rulindo","Bananas","Season A","KG/HA","2021","9737.28636836503"
"Rulindo","Bananas","Season B","KG/HA","2021","12027.4870110442"
"Rulindo","Bananas","Season C","KG/HA","2021","2325.891"
"Rulindo","Beans","Season B","KG/HA","2021","793.255741367366"
"Rulindo","Beans","Season C","KG/HA","2021","5636.025172"
"Rulindo","Peas","Season A","KG/HA","2021","713.113339604089"
"Rulindo","Peas","Season B","KG/HA","2021","553.9366"
"Rulindo","Peas","Season C","KG/HA","2021","431.713021"
"Rulindo","Ground nuts","Season A","KG/HA","2021","438.0461"
"Rulindo","Ground nuts","Season B","KG/HA","2021","488.0302"
"Rulindo","Ground nuts","Season C","KG/HA","2021","55.95772"
"Rulindo","Soya beans","Season A","KG/HA","2021","516.363576474319"
"Rulindo","Soya beans","Season B","KG/HA","2021","513.3319"
"Rulindo","Soya beans","Season C","KG/HA","2021","351.9441438"
"Rulindo","Bush bean","Season A","KG/HA","2021","499.812414357506"
"Rulindo","Bush bean","Season B","KG/HA","2021","678.460216565459"
"Rulindo","Bush bean","Season C","KG/HA","2021","0"
"Rulindo","Climbing bean","Season A","KG/HA","2021","539.294510920258"
"Rulindo","Climbing bean","Season B","KG/HA","2021","911.086483202531"
"Rulindo","Climbing bean","Season C","KG/HA","2021","6906.82216"
"Rulindo","Banana for beer","Season A","KG/HA","2021","9380.93838983731"
"Rulindo","Banana for beer","Season B","KG/HA","2021","9251.39"
"Rulindo","Banana for beer","Season C","KG/HA","2021","5636.025172"
"Rulindo","Dessert banana","Season A","KG/HA","2021","9545.13"
"Rulindo","Dessert banana","Season B","KG/HA","2021","12668.9"
"Rulindo","Dessert banana","Season C","KG/HA","2021","3579.295678"
"Gakenke","Maize","Season A","KG/HA","2021","1646.1"
"Gakenke","Maize","Season B","KG/HA","2021","1104.409"
"Gakenke","Maize","Season C","KG/HA","2021","11195.15"
"Gakenke","Sorghum","Season A","KG/HA","2021","1558.18"
"Gakenke","Sorghum","Season B","KG/HA","2021","1106.551"
"Gakenke","Sorghum","Season C","KG/HA","2021","47.48663"
"Gakenke","Paddy rice","Season A","KG/HA","2021","2022.268"
"Gakenke","Paddy rice","Season B","KG/HA","2021","3921.411"
"Gakenke","Paddy rice","Season C","KG/HA","2021","103.5822"
"Gakenke","Wheat","Season A","KG/HA","2021","563.1005"
"Gakenke","Wheat","Season B","KG/HA","2021","1408.934"
"Gakenke","Wheat","Season C","KG/HA","2021","139.0803"
"Gakenke","Cassava","Season A","KG/HA","2021","13514.11"
"Gakenke","Cassava","Season B","KG/HA","2021","18309.69"
"Gakenke","Cassava","Season C","KG/HA","2021","6856.741"
"Gakenke","Sweet potatoes","Season A","KG/HA","2021","6221.816"
"Gakenke","Sweet potatoes","Season B","KG/HA","2021","10905.73"
"Gakenke","Sweet potatoes","Season C","KG/HA","2021","8205.917"
"Gakenke","Yams & Taro","Season A","KG/HA","2021","6466.72"
"Gakenke","Yams & Taro","Season B","KG/HA","2021","7358.68772608463"
"Gakenke","Yams & Taro","Season C","KG/HA","2021","1331.586"
"Gakenke","Irish potatoes","Season A","KG/HA","2021","5546.274"
"Gakenke","Irish potatoes","Season B","KG/HA","2021","5160.438"
"Gakenke","Irish potatoes","Season C","KG/HA","2021","1157.193"
"Gakenke","Cooking Banana","Season A","KG/HA","2021","11888.54"
"Gakenke","Cooking Banana","Season B","KG/HA","2021","21054.09"
"Gakenke","Cooking Banana","Season C","KG/HA","2021","2012.83"
"Gakenke","Bananas","Season A","KG/HA","2021","10677.1486624082"
"Gakenke","Bananas","Season B","KG/HA","2021","11650.6069127222"
"Gakenke","Bananas","Season C","KG/HA","2021","2658.134"
"Gakenke","Beans","Season B","KG/HA","2021","934.240154872279"
"Gakenke","Beans","Season C","KG/HA","2021","1977.656"
"Gakenke","Peas","Season A","KG/HA","2021","772.0718"
"Gakenke","Peas","Season B","KG/HA","2021","509.131"
"Gakenke","Peas","Season C","KG/HA","2021","553.7297"
"Gakenke","Ground nuts","Season A","KG/HA","2021","717.8513"
"Gakenke","Ground nuts","Season B","KG/HA","2021","377.6711"
"Gakenke","Ground nuts","Season C","KG/HA","2021","94.3798"
"Gakenke","Soya beans","Season A","KG/HA","2021","537.1256"
"Gakenke","Soya beans","Season B","KG/HA","2021","614.2953"
"Gakenke","Soya beans","Season C","KG/HA","2021","738.4009"
"Gakenke","Bush bean","Season A","KG/HA","2021","506.0614"
"Gakenke","Bush bean","Season B","KG/HA","2021","646.5834"
"Gakenke","Bush bean","Season C","KG/HA","2021","0"
"Gakenke","Climbing bean","Season A","KG/HA","2021","890.3176"
"Gakenke","Climbing bean","Season B","KG/HA","2021","961.7368"
"Gakenke","Climbing bean","Season C","KG/HA","2021","6563.125"
"Gakenke","Banana for beer","Season A","KG/HA","2021","10642.41"
"Gakenke","Banana for beer","Season B","KG/HA","2021","9263.081"
"Gakenke","Banana for beer","Season C","KG/HA","2021","1977.656"
"Gakenke","Dessert banana","Season A","KG/HA","2021","8982.12"
"Gakenke","Dessert banana","Season B","KG/HA","2021","13065.87"
"Gakenke","Dessert banana","Season C","KG/HA","2021","9605.602"
"Musanze","Maize","Season A","KG/HA","2021","1638.786"
"Musanze","Maize","Season B","KG/HA","2021","1604.55"
"Musanze","Maize","Season C","KG/HA","2021","7336.826"
"Musanze","Sorghum","Season A","KG/HA","2021","1549.412"
"Musanze","Sorghum","Season B","KG/HA","2021","1218.83"
"Musanze","Sorghum","Season C","KG/HA","2021","1948.578"
"Musanze","Paddy rice","Season A","KG/HA","2021","0"
"Musanze","Paddy rice","Season B","KG/HA","2021","0"
"Musanze","Paddy rice","Season C","KG/HA","2021","0"
"Musanze","Wheat","Season A","KG/HA","2021","1182.151"
"Musanze","Wheat","Season B","KG/HA","2021","1159.22"
"Musanze","Wheat","Season C","KG/HA","2021","982.0386"
"Musanze","Cassava","Season A","KG/HA","2021","5815.391"
"Musanze","Cassava","Season B","KG/HA","2021","0"
"Musanze","Cassava","Season C","KG/HA","2021","219.2515"
"Musanze","Sweet potatoes","Season A","KG/HA","2021","7386.052"
"Musanze","Sweet potatoes","Season B","KG/HA","2021","10187.71"
"Musanze","Sweet potatoes","Season C","KG/HA","2021","2287.081"
"Musanze","Yams & Taro","Season A","KG/HA","2021","2920.261"
"Musanze","Yams & Taro","Season B","KG/HA","2021","10086.06"
"Musanze","Yams & Taro","Season C","KG/HA","2021","153.3572"
"Musanze","Irish potatoes","Season A","KG/HA","2021","13222.49"
"Musanze","Irish potatoes","Season B","KG/HA","2021","10736.03"
"Musanze","Irish potatoes","Season C","KG/HA","2021","3967.638"
"Musanze","Cooking Banana","Season A","KG/HA","2021","13595.99"
"Musanze","Cooking Banana","Season B","KG/HA","2021","14167.47"
"Musanze","Cooking Banana","Season C","KG/HA","2021","435.5384"
"Musanze","Bananas","Season A","KG/HA","2021","12015.5208150409"
"Musanze","Bananas","Season B","KG/HA","2021","9529.65853257277"
"Musanze","Bananas","Season C","KG/HA","2021","903.3491"
"Musanze","Beans","Season B","KG/HA","2021","1114.10899590794"
"Musanze","Beans","Season C","KG/HA","2021","349.4315"
"Musanze","Peas","Season A","KG/HA","2021","676.3302"
"Musanze","Peas","Season B","KG/HA","2021","1223.503"
"Musanze","Peas","Season C","KG/HA","2021","172.7611"
"Musanze","Ground nuts","Season A","KG/HA","2021","0"
"Musanze","Ground nuts","Season B","KG/HA","2021","0"
"Musanze","Ground nuts","Season C","KG/HA","2021","0"
"Musanze","Soya beans","Season A","KG/HA","2021","723.9167"
"Musanze","Soya beans","Season B","KG/HA","2021","612.0813"
"Musanze","Soya beans","Season C","KG/HA","2021","23.08298"
"Musanze","Bush bean","Season A","KG/HA","2021","422.8546"
"Musanze","Bush bean","Season B","KG/HA","2021","901.4219"
"Musanze","Bush bean","Season C","KG/HA","2021","0"
"Musanze","Climbing bean","Season A","KG/HA","2021","1001.477"
"Musanze","Climbing bean","Season B","KG/HA","2021","1129.696"
"Musanze","Climbing bean","Season C","KG/HA","2021","6197.191"
"Musanze","Banana for beer","Season A","KG/HA","2021","11416.11"
"Musanze","Banana for beer","Season B","KG/HA","2021","9099.433"
"Musanze","Banana for beer","Season C","KG/HA","2021","349.4315"
"Musanze","Dessert banana","Season A","KG/HA","2021","8297.296"
"Musanze","Dessert banana","Season B","KG/HA","2021","7138.931"
"Musanze","Dessert banana","Season C","KG/HA","2021","883.146"
"Gicumbi","Maize","Season A","KG/HA","2021","1391.10000308471"
"Gicumbi","Maize","Season B","KG/HA","2021","1050.70256113998"
"Gicumbi","Maize","Season C","KG/HA","2021","4578.70902"
"Gicumbi","Sorghum","Season A","KG/HA","2021","885.8027"
"Gicumbi","Sorghum","Season B","KG/HA","2021","1120.46"
"Gicumbi","Sorghum","Season C","KG/HA","2021","133.7866"
"Gicumbi","Paddy rice","Season A","KG/HA","2021","0"
"Gicumbi","Paddy rice","Season B","KG/HA","2021","0"
"Gicumbi","Paddy rice","Season C","KG/HA","2021","0"
"Gicumbi","Wheat","Season A","KG/HA","2021","612.287558715571"
"Gicumbi","Wheat","Season B","KG/HA","2021","855.594307883372"
"Gicumbi","Wheat","Season C","KG/HA","2021","187.667383"
"Gicumbi","Cassava","Season A","KG/HA","2021","13092.42"
"Gicumbi","Cassava","Season B","KG/HA","2021","15670.13"
"Gicumbi","Cassava","Season C","KG/HA","2021","3429.81"
"Gicumbi","Sweet potatoes","Season A","KG/HA","2021","8970.324"
"Gicumbi","Sweet potatoes","Season B","KG/HA","2021","7117.297"
"Gicumbi","Sweet potatoes","Season C","KG/HA","2021","7032.073"
"Gicumbi","Yams & Taro","Season A","KG/HA","2021","6235.13"
"Gicumbi","Yams & Taro","Season B","KG/HA","2021","7620.415"
"Gicumbi","Yams & Taro","Season C","KG/HA","2021","76.93341"
"Gicumbi","Irish potatoes","Season A","KG/HA","2021","9017.83079687105"
"Gicumbi","Irish potatoes","Season B","KG/HA","2021","8328.21066438404"
"Gicumbi","Irish potatoes","Season C","KG/HA","2021","2886.3001"
"Gicumbi","Cooking Banana","Season A","KG/HA","2021","12957.76"
"Gicumbi","Cooking Banana","Season B","KG/HA","2021","20493.77"
"Gicumbi","Cooking Banana","Season C","KG/HA","2021","1653.925"
"Gicumbi","Bananas","Season A","KG/HA","2021","10528.7147975938"
"Gicumbi","Bananas","Season B","KG/HA","2021","12640.9537432525"
"Gicumbi","Bananas","Season C","KG/HA","2021","2480.212"
"Gicumbi","Beans","Season B","KG/HA","2021","967.196099751337"
"Gicumbi","Beans","Season C","KG/HA","2021","7018.281"
"Gicumbi","Peas","Season A","KG/HA","2021","656.988456640849"
"Gicumbi","Peas","Season B","KG/HA","2021","944.523865281374"
"Gicumbi","Peas","Season C","KG/HA","2021","1562.128568"
"Gicumbi","Ground nuts","Season A","KG/HA","2021","595.8496"
"Gicumbi","Ground nuts","Season B","KG/HA","2021","602.2955"
"Gicumbi","Ground nuts","Season C","KG/HA","2021","294.0383"
"Gicumbi","Soya beans","Season A","KG/HA","2021","489.2427"
"Gicumbi","Soya beans","Season B","KG/HA","2021","305.7345"
"Gicumbi","Soya beans","Season C","KG/HA","2021","162.3735"
"Gicumbi","Bush bean","Season A","KG/HA","2021","569.627"
"Gicumbi","Bush bean","Season B","KG/HA","2021","663.6918"
"Gicumbi","Bush bean","Season C","KG/HA","2021","0"
"Gicumbi","Climbing bean","Season A","KG/HA","2021","915.565193743258"
"Gicumbi","Climbing bean","Season B","KG/HA","2021","1118.80548105652"
"Gicumbi","Climbing bean","Season C","KG/HA","2021","13455.907203"
"Gicumbi","Banana for beer","Season A","KG/HA","2021","9436.098"
"Gicumbi","Banana for beer","Season B","KG/HA","2021","9250.106"
"Gicumbi","Banana for beer","Season C","KG/HA","2021","7018.281"
"Gicumbi","Dessert banana","Season A","KG/HA","2021","7517.226"
"Gicumbi","Dessert banana","Season B","KG/HA","2021","11165.78"
"Gicumbi","Dessert banana","Season C","KG/HA","2021","2195.932"
"Burera","Maize","Season A","KG/HA","2021","2088.389"
"Burera","Maize","Season B","KG/HA","2021","1238.195"
"Burera","Maize","Season C","KG/HA","2021","9888.111"
"Burera","Sorghum","Season A","KG/HA","2021","1312.248"
"Burera","Sorghum","Season B","KG/HA","2021","1369.307"
"Burera","Sorghum","Season C","KG/HA","2021","1310.435"
"Burera","Paddy rice","Season A","KG/HA","2021","0"
"Burera","Paddy rice","Season B","KG/HA","2021","0"
"Burera","Paddy rice","Season C","KG/HA","2021","0"
"Burera","Wheat","Season A","KG/HA","2021","1467.808"
"Burera","Wheat","Season B","KG/HA","2021","1334.721"
"Burera","Wheat","Season C","KG/HA","2021","725.3818"
"Burera","Cassava","Season A","KG/HA","2021","11725.39"
"Burera","Cassava","Season B","KG/HA","2021","12409.58"
"Burera","Cassava","Season C","KG/HA","2021","182.5807"
"Burera","Sweet potatoes","Season A","KG/HA","2021","9282.89"
"Burera","Sweet potatoes","Season B","KG/HA","2021","7610.498"
"Burera","Sweet potatoes","Season C","KG/HA","2021","2702.365"
"Burera","Yams & Taro","Season A","KG/HA","2021","6670.498"
"Burera","Yams & Taro","Season B","KG/HA","2021","7696.386"
"Burera","Yams & Taro","Season C","KG/HA","2021","44.43931"
"Burera","Irish potatoes","Season A","KG/HA","2021","10804.82"
"Burera","Irish potatoes","Season B","KG/HA","2021","10603.72"
"Burera","Irish potatoes","Season C","KG/HA","2021","5522.626"
"Burera","Cooking Banana","Season A","KG/HA","2021","13412.31"
"Burera","Cooking Banana","Season B","KG/HA","2021","20214.43"
"Burera","Cooking Banana","Season C","KG/HA","2021","94.43836"
"Burera","Bananas","Season A","KG/HA","2021","10898.5471753923"
"Burera","Bananas","Season B","KG/HA","2021","13448.9076578991"
"Burera","Bananas","Season C","KG/HA","2021","1469.916"
"Burera","Beans","Season B","KG/HA","2021","1092.4672235651"
"Burera","Beans","Season C","KG/HA","2021","568.9515"
"Burera","Peas","Season A","KG/HA","2021","688.4216"
"Burera","Peas","Season B","KG/HA","2021","812.4137"
"Burera","Peas","Season C","KG/HA","2021","1754.551"
"Burera","Ground nuts","Season A","KG/HA","2021","0"
"Burera","Ground nuts","Season B","KG/HA","2021","0"
"Burera","Ground nuts","Season C","KG/HA","2021","0"
"Burera","Soya beans","Season A","KG/HA","2021","0"
"Burera","Soya beans","Season B","KG/HA","2021","0"
"Burera","Soya beans","Season C","KG/HA","2021","0"
"Burera","Bush bean","Season A","KG/HA","2021","549.781"
"Burera","Bush bean","Season B","KG/HA","2021","739.9211"
"Burera","Bush bean","Season C","KG/HA","2021","0"
"Burera","Climbing bean","Season A","KG/HA","2021","730.4317"
"Burera","Climbing bean","Season B","KG/HA","2021","1114.486"
"Burera","Climbing bean","Season C","KG/HA","2021","10615.05"
"Burera","Banana for beer","Season A","KG/HA","2021","9090.529"
"Burera","Banana for beer","Season B","KG/HA","2021","8040.803"
"Burera","Banana for beer","Season C","KG/HA","2021","568.9515"
"Burera","Dessert banana","Season A","KG/HA","2021","5597.599"
"Burera","Dessert banana","Season B","KG/HA","2021","12239.76"
"Burera","Dessert banana","Season C","KG/HA","2021","1411.741"
"Rwamagana","Maize","Season A","KG/HA","2021","1502.64028073274"
"Rwamagana","Maize","Season B","KG/HA","2021","976.678961588405"
"Rwamagana","Maize","Season C","KG/HA","2021","10209.6251"
"Rwamagana","Sorghum","Season A","KG/HA","2021","0"
"Rwamagana","Sorghum","Season B","KG/HA","2021","1220.51145023214"
"Rwamagana","Sorghum","Season C","KG/HA","2021","0"
"Rwamagana","Paddy rice","Season A","KG/HA","2021","3005.19352486012"
"Rwamagana","Paddy rice","Season B","KG/HA","2021","4911.77563150074"
"Rwamagana","Paddy rice","Season C","KG/HA","2021","362.9327"
"Rwamagana","Wheat","Season A","KG/HA","2021","0"
"Rwamagana","Wheat","Season B","KG/HA","2021","0"
"Rwamagana","Wheat","Season C","KG/HA","2021","0"
"Rwamagana","Cassava","Season A","KG/HA","2021","19536.7474481116"
"Rwamagana","Cassava","Season B","KG/HA","2021","16006.3139671832"
"Rwamagana","Cassava","Season C","KG/HA","2021","4766.752581"
"Rwamagana","Sweet potatoes","Season A","KG/HA","2021","6323.38853983068"
"Rwamagana","Sweet potatoes","Season B","KG/HA","2021","4615.21062587056"
"Rwamagana","Sweet potatoes","Season C","KG/HA","2021","2253.7285883"
"Rwamagana","Yams & Taro","Season A","KG/HA","2021","3468.03457728793"
"Rwamagana","Yams & Taro","Season B","KG/HA","2021","6207.35536911193"
"Rwamagana","Yams & Taro","Season C","KG/HA","2021","194.4487564"
"Rwamagana","Irish potatoes","Season A","KG/HA","2021","6071.47353804647"
"Rwamagana","Irish potatoes","Season B","KG/HA","2021","4298.61832863186"
"Rwamagana","Irish potatoes","Season C","KG/HA","2021","1033.073502"
"Rwamagana","Cooking Banana","Season A","KG/HA","2021","15489.8778699269"
"Rwamagana","Cooking Banana","Season B","KG/HA","2021","18508.98407956"
"Rwamagana","Cooking Banana","Season C","KG/HA","2021","2037.892308"
"Rwamagana","Bananas","Season A","KG/HA","2021","12622.3095239098"
"Rwamagana","Bananas","Season B","KG/HA","2021","14792.44141576"
"Rwamagana","Bananas","Season C","KG/HA","2021","8497.28132"
"Rwamagana","Beans","Season B","KG/HA","2021","629.379182922708"
"Rwamagana","Beans","Season C","KG/HA","2021","18840.19317"
"Rwamagana","Peas","Season A","KG/HA","2021","688.358057206148"
"Rwamagana","Peas","Season B","KG/HA","2021","379.6459"
"Rwamagana","Peas","Season C","KG/HA","2021","129.4211003"
"Rwamagana","Ground nuts","Season A","KG/HA","2021","312.56732805981"
"Rwamagana","Ground nuts","Season B","KG/HA","2021","329.449899125591"
"Rwamagana","Ground nuts","Season C","KG/HA","2021","1634.0246557"
"Rwamagana","Soya beans","Season A","KG/HA","2021","367.049674655292"
"Rwamagana","Soya beans","Season B","KG/HA","2021","371.914937890222"
"Rwamagana","Soya beans","Season C","KG/HA","2021","293.72723"
"Rwamagana","Bush bean","Season A","KG/HA","2021","635.528704931479"
"Rwamagana","Bush bean","Season B","KG/HA","2021","618.029560544939"
"Rwamagana","Bush bean","Season C","KG/HA","2021","0"
"Rwamagana","Climbing bean","Season A","KG/HA","2021","846.027106387516"
"Rwamagana","Climbing bean","Season B","KG/HA","2021","1023.23368495756"
"Rwamagana","Climbing bean","Season C","KG/HA","2021","396.653514"
"Rwamagana","Banana for beer","Season A","KG/HA","2021","8617.43993224524"
"Rwamagana","Banana for beer","Season B","KG/HA","2021","7641.561"
"Rwamagana","Banana for beer","Season C","KG/HA","2021","18840.19317"
"Rwamagana","Dessert banana","Season A","KG/HA","2021","8119.92761884671"
"Rwamagana","Dessert banana","Season B","KG/HA","2021","9119.05204213174"
"Rwamagana","Dessert banana","Season C","KG/HA","2021","3364.017462"
"Nyagatare","Maize","Season A","KG/HA","2021","1794.14282758044"
"Nyagatare","Maize","Season B","KG/HA","2021","1430.2420689728"
"Nyagatare","Maize","Season C","KG/HA","2021","26574.717"
"Nyagatare","Sorghum","Season A","KG/HA","2021","1657.51127962509"
"Nyagatare","Sorghum","Season B","KG/HA","2021","921.060332962364"
"Nyagatare","Sorghum","Season C","KG/HA","2021","15223.07201"
"Nyagatare","Paddy rice","Season A","KG/HA","2021","4199.30588049248"
"Nyagatare","Paddy rice","Season B","KG/HA","2021","4543.03207575232"
"Nyagatare","Paddy rice","Season C","KG/HA","2021","1536.623"
"Nyagatare","Wheat","Season A","KG/HA","2021","0"
"Nyagatare","Wheat","Season B","KG/HA","2021","0"
"Nyagatare","Wheat","Season C","KG/HA","2021","0"
"Nyagatare","Cassava","Season A","KG/HA","2021","15612.8199393681"
"Nyagatare","Cassava","Season B","KG/HA","2021","18336.6071998632"
"Nyagatare","Cassava","Season C","KG/HA","2021","3929.968209"
"Nyagatare","Sweet potatoes","Season A","KG/HA","2021","4426.39332787179"
"Nyagatare","Sweet potatoes","Season B","KG/HA","2021","3975.88468031947"
"Nyagatare","Sweet potatoes","Season C","KG/HA","2021","1851.4821904"
"Nyagatare","Yams & Taro","Season A","KG/HA","2021","1880.574"
"Nyagatare","Yams & Taro","Season B","KG/HA","2021","5495.006"
"Nyagatare","Yams & Taro","Season C","KG/HA","2021","15.46144"
"Nyagatare","Irish potatoes","Season A","KG/HA","2021","6608.77264478222"
"Nyagatare","Irish potatoes","Season B","KG/HA","2021","3606.08820661127"
"Nyagatare","Irish potatoes","Season C","KG/HA","2021","523.204122"
"Nyagatare","Cooking Banana","Season A","KG/HA","2021","18427.7736926538"
"Nyagatare","Cooking Banana","Season B","KG/HA","2021","18598.6833711122"
"Nyagatare","Cooking Banana","Season C","KG/HA","2021","1254.272035"
"Nyagatare","Bananas","Season A","KG/HA","2021","14820.0091653361"
"Nyagatare","Bananas","Season B","KG/HA","2021","13816.4089500824"
"Nyagatare","Bananas","Season C","KG/HA","2021","6699.42484"
"Nyagatare","Beans","Season B","KG/HA","2021","836.917759772061"
"Nyagatare","Beans","Season C","KG/HA","2021","18003.2339"
"Nyagatare","Peas","Season A","KG/HA","2021","624.46744581786"
"Nyagatare","Peas","Season B","KG/HA","2021","490.857251341603"
"Nyagatare","Peas","Season C","KG/HA","2021","265.378917"
"Nyagatare","Ground nuts","Season A","KG/HA","2021","540.6913"
"Nyagatare","Ground nuts","Season B","KG/HA","2021","637.1614"
"Nyagatare","Ground nuts","Season C","KG/HA","2021","1545.589"
"Nyagatare","Soya beans","Season A","KG/HA","2021","658.344439735208"
"Nyagatare","Soya beans","Season B","KG/HA","2021","655.493080206443"
"Nyagatare","Soya beans","Season C","KG/HA","2021","635.348589"
"Nyagatare","Bush bean","Season A","KG/HA","2021","743.602130828284"
"Nyagatare","Bush bean","Season B","KG/HA","2021","836.310928690224"
"Nyagatare","Bush bean","Season C","KG/HA","2021","0"
"Nyagatare","Climbing bean","Season A","KG/HA","2021","749.606031927522"
"Nyagatare","Climbing bean","Season B","KG/HA","2021","852.058208286465"
"Nyagatare","Climbing bean","Season C","KG/HA","2021","1931.49723"
"Nyagatare","Banana for beer","Season A","KG/HA","2021","11050.661409149"
"Nyagatare","Banana for beer","Season B","KG/HA","2021","8661.25308077672"
"Nyagatare","Banana for beer","Season C","KG/HA","2021","18003.2339"
"Nyagatare","Dessert banana","Season A","KG/HA","2021","8398.7061566272"
"Nyagatare","Dessert banana","Season B","KG/HA","2021","8078.39817682686"
"Nyagatare","Dessert banana","Season C","KG/HA","2021","3320.091619"
"Gatsibo","Maize","Season A","KG/HA","2021","1610.33278622796"
"Gatsibo","Maize","Season B","KG/HA","2021","1409.96314734317"
"Gatsibo","Maize","Season C","KG/HA","2021","17825.1158"
"Gatsibo","Sorghum","Season A","KG/HA","2021","974.198579109894"
"Gatsibo","Sorghum","Season B","KG/HA","2021","1144.528"
"Gatsibo","Sorghum","Season C","KG/HA","2021","3588.520942"
"Gatsibo","Paddy rice","Season A","KG/HA","2021","3159.31819285897"
"Gatsibo","Paddy rice","Season B","KG/HA","2021","3645.97677180217"
"Gatsibo","Paddy rice","Season C","KG/HA","2021","1472.65125"
"Gatsibo","Wheat","Season A","KG/HA","2021","0"
"Gatsibo","Wheat","Season B","KG/HA","2021","0"
"Gatsibo","Wheat","Season C","KG/HA","2021","0"
"Gatsibo","Cassava","Season A","KG/HA","2021","13229.8372433174"
"Gatsibo","Cassava","Season B","KG/HA","2021","15162.75"
"Gatsibo","Cassava","Season C","KG/HA","2021","6425.5882132"
"Gatsibo","Sweet potatoes","Season A","KG/HA","2021","7454.82794599068"
"Gatsibo","Sweet potatoes","Season B","KG/HA","2021","8056.24141538974"
"Gatsibo","Sweet potatoes","Season C","KG/HA","2021","2837.3534069"
"Gatsibo","Yams & Taro","Season A","KG/HA","2021","2597.685"
"Gatsibo","Yams & Taro","Season B","KG/HA","2021","7729.31"
"Gatsibo","Yams & Taro","Season C","KG/HA","2021","82.27483"
"Gatsibo","Irish potatoes","Season A","KG/HA","2021","5110.65722738076"
"Gatsibo","Irish potatoes","Season B","KG/HA","2021","4345.032"
"Gatsibo","Irish potatoes","Season C","KG/HA","2021","2269.889785"
"Gatsibo","Cooking Banana","Season A","KG/HA","2021","14750.3442829002"
"Gatsibo","Cooking Banana","Season B","KG/HA","2021","17610.7193083477"
"Gatsibo","Cooking Banana","Season C","KG/HA","2021","2865.5742144"
"Gatsibo","Bananas","Season A","KG/HA","2021","11648.0321129554"
"Gatsibo","Bananas","Season B","KG/HA","2021","13763.8420623602"
"Gatsibo","Bananas","Season C","KG/HA","2021","13356.677465"
"Gatsibo","Beans","Season B","KG/HA","2021","699.417383417963"
"Gatsibo","Beans","Season C","KG/HA","2021","21468.03089"
"Gatsibo","Peas","Season A","KG/HA","2021","586.5944"
"Gatsibo","Peas","Season B","KG/HA","2021","616.8224"
"Gatsibo","Peas","Season C","KG/HA","2021","91.0594"
"Gatsibo","Ground nuts","Season A","KG/HA","2021","433.269015940634"
"Gatsibo","Ground nuts","Season B","KG/HA","2021","522.130150352347"
"Gatsibo","Ground nuts","Season C","KG/HA","2021","2434.566117"
"Gatsibo","Soya beans","Season A","KG/HA","2021","545.310476016049"
"Gatsibo","Soya beans","Season B","KG/HA","2021","638.609919586855"
"Gatsibo","Soya beans","Season C","KG/HA","2021","960.288"
"Gatsibo","Bush bean","Season A","KG/HA","2021","656.123163262693"
"Gatsibo","Bush bean","Season B","KG/HA","2021","678.780591006639"
"Gatsibo","Bush bean","Season C","KG/HA","2021","0"
"Gatsibo","Climbing bean","Season A","KG/HA","2021","529.709716718703"
"Gatsibo","Climbing bean","Season B","KG/HA","2021","888.436354821298"
"Gatsibo","Climbing bean","Season C","KG/HA","2021","1560.481101"
"Gatsibo","Banana for beer","Season A","KG/HA","2021","8848.703"
"Gatsibo","Banana for beer","Season B","KG/HA","2021","10233.92"
"Gatsibo","Banana for beer","Season C","KG/HA","2021","21468.03089"
"Gatsibo","Dessert banana","Season A","KG/HA","2021","7782.85450127067"
"Gatsibo","Dessert banana","Season B","KG/HA","2021","10549.9899236732"
"Gatsibo","Dessert banana","Season C","KG/HA","2021","7099.0908296"
"Kayonza","Maize","Season A","KG/HA","2021","1514.24379513099"
"Kayonza","Maize","Season B","KG/HA","2021","976.961890078486"
"Kayonza","Maize","Season C","KG/HA","2021","14713.5886"
"Kayonza","Sorghum","Season A","KG/HA","2021","1269.60609349147"
"Kayonza","Sorghum","Season B","KG/HA","2021","1135.08222637898"
"Kayonza","Sorghum","Season C","KG/HA","2021","2276.549472"
"Kayonza","Paddy rice","Season A","KG/HA","2021","4175.05206309102"
"Kayonza","Paddy rice","Season B","KG/HA","2021","4245.57103041389"
"Kayonza","Paddy rice","Season C","KG/HA","2021","1407.427"
"Kayonza","Wheat","Season A","KG/HA","2021","500.008553099427"
"Kayonza","Wheat","Season B","KG/HA","2021","0"
"Kayonza","Wheat","Season C","KG/HA","2021","0.5319709"
"Kayonza","Cassava","Season A","KG/HA","2021","12060.8887261999"
"Kayonza","Cassava","Season B","KG/HA","2021","16479.6772701875"
"Kayonza","Cassava","Season C","KG/HA","2021","14294.97509"
"Kayonza","Sweet potatoes","Season A","KG/HA","2021","6251.60323634154"
"Kayonza","Sweet potatoes","Season B","KG/HA","2021","4866.45356474731"
"Kayonza","Sweet potatoes","Season C","KG/HA","2021","2135.366899"
"Kayonza","Yams & Taro","Season A","KG/HA","2021","5459.28821177035"
"Kayonza","Yams & Taro","Season B","KG/HA","2021","5512.94688890811"
"Kayonza","Yams & Taro","Season C","KG/HA","2021","209.0344227"
"Kayonza","Irish potatoes","Season A","KG/HA","2021","3494.07672343975"
"Kayonza","Irish potatoes","Season B","KG/HA","2021","3233.12383798428"
"Kayonza","Irish potatoes","Season C","KG/HA","2021","1917.395368"
"Kayonza","Cooking Banana","Season A","KG/HA","2021","15953.0277057205"
"Kayonza","Cooking Banana","Season B","KG/HA","2021","18665.2945086505"
"Kayonza","Cooking Banana","Season C","KG/HA","2021","1555.22163"
"Kayonza","Bananas","Season A","KG/HA","2021","13309.4743311409"
"Kayonza","Bananas","Season B","KG/HA","2021","16145.2130167145"
"Kayonza","Bananas","Season C","KG/HA","2021","8495.14904"
"Kayonza","Beans","Season B","KG/HA","2021","639.28345556457"
"Kayonza","Beans","Season C","KG/HA","2021","19406.08739"
"Kayonza","Peas","Season A","KG/HA","2021","467.133189989459"
"Kayonza","Peas","Season B","KG/HA","2021","654.045570850616"
"Kayonza","Peas","Season C","KG/HA","2021","180.77424"
"Kayonza","Ground nuts","Season A","KG/HA","2021","386.00971562218"
"Kayonza","Ground nuts","Season B","KG/HA","2021","574.645492018789"
"Kayonza","Ground nuts","Season C","KG/HA","2021","1248.0506318"
"Kayonza","Soya beans","Season A","KG/HA","2021","399.582812750003"
"Kayonza","Soya beans","Season B","KG/HA","2021","620.158673153323"
"Kayonza","Soya beans","Season C","KG/HA","2021","156.08844"
"Kayonza","Bush bean","Season A","KG/HA","2021","745.810003782014"
"Kayonza","Bush bean","Season B","KG/HA","2021","634.954518942042"
"Kayonza","Bush bean","Season C","KG/HA","2021","0"
"Kayonza","Climbing bean","Season A","KG/HA","2021","677.5402"
"Kayonza","Climbing bean","Season B","KG/HA","2021","1046.891"
"Kayonza","Climbing bean","Season C","KG/HA","2021","312.2239"
"Kayonza","Banana for beer","Season A","KG/HA","2021","9102.65845307775"
"Kayonza","Banana for beer","Season B","KG/HA","2021","8792.68120468333"
"Kayonza","Banana for beer","Season C","KG/HA","2021","19406.08739"
"Kayonza","Dessert banana","Season A","KG/HA","2021","8467.04594553202"
"Kayonza","Dessert banana","Season B","KG/HA","2021","13832.7312744043"
"Kayonza","Dessert banana","Season C","KG/HA","2021","3074.2638652"
"Ngoma","Maize","Season A","KG/HA","2021","1719.03853034609"
"Ngoma","Maize","Season B","KG/HA","2021","807.223730258434"
"Ngoma","Maize","Season C","KG/HA","2021","14913.25483"
"Ngoma","Sorghum","Season A","KG/HA","2021","1071.917"
"Ngoma","Sorghum","Season B","KG/HA","2021","991.059046349018"
"Ngoma","Sorghum","Season C","KG/HA","2021","175.9272"
"Ngoma","Paddy rice","Season A","KG/HA","2021","3675.86842293084"
"Ngoma","Paddy rice","Season B","KG/HA","2021","3190.20461563433"
"Ngoma","Paddy rice","Season C","KG/HA","2021","829.4576"
"Ngoma","Wheat","Season A","KG/HA","2021","0"
"Ngoma","Wheat","Season B","KG/HA","2021","0"
"Ngoma","Wheat","Season C","KG/HA","2021","0"
"Ngoma","Cassava","Season A","KG/HA","2021","11935.38"
"Ngoma","Cassava","Season B","KG/HA","2021","17048.4"
"Ngoma","Cassava","Season C","KG/HA","2021","7818.1470286"
"Ngoma","Sweet potatoes","Season A","KG/HA","2021","6141.666"
"Ngoma","Sweet potatoes","Season B","KG/HA","2021","6225.33335806939"
"Ngoma","Sweet potatoes","Season C","KG/HA","2021","3252.333"
"Ngoma","Yams & Taro","Season A","KG/HA","2021","4527.856"
"Ngoma","Yams & Taro","Season B","KG/HA","2021","3550.771"
"Ngoma","Yams & Taro","Season C","KG/HA","2021","172.9762"
"Ngoma","Irish potatoes","Season A","KG/HA","2021","5257.52391831286"
"Ngoma","Irish potatoes","Season B","KG/HA","2021","4668.386"
"Ngoma","Irish potatoes","Season C","KG/HA","2021","1508.2250143"
"Ngoma","Cooking Banana","Season A","KG/HA","2021","15232.5826561036"
"Ngoma","Cooking Banana","Season B","KG/HA","2021","17420.8849992238"
"Ngoma","Cooking Banana","Season C","KG/HA","2021","1884.494906"
"Ngoma","Bananas","Season A","KG/HA","2021","12592.9809740258"
"Ngoma","Bananas","Season B","KG/HA","2021","14828.1100831941"
"Ngoma","Bananas","Season C","KG/HA","2021","11589.204673"
"Ngoma","Beans","Season B","KG/HA","2021","822.833066208057"
"Ngoma","Beans","Season C","KG/HA","2021","18910.6424"
"Ngoma","Peas","Season A","KG/HA","2021","817.3813"
"Ngoma","Peas","Season B","KG/HA","2021","560.4511"
"Ngoma","Peas","Season C","KG/HA","2021","70.77011"
"Ngoma","Ground nuts","Season A","KG/HA","2021","418.90705652701"
"Ngoma","Ground nuts","Season B","KG/HA","2021","560.1045"
"Ngoma","Ground nuts","Season C","KG/HA","2021","649.2450696"
"Ngoma","Soya beans","Season A","KG/HA","2021","430.013664504922"
"Ngoma","Soya beans","Season B","KG/HA","2021","495.985092364842"
"Ngoma","Soya beans","Season C","KG/HA","2021","406.335642"
"Ngoma","Bush bean","Season A","KG/HA","2021","593.211146301143"
"Ngoma","Bush bean","Season B","KG/HA","2021","801.011918741062"
"Ngoma","Bush bean","Season C","KG/HA","2021","0"
"Ngoma","Climbing bean","Season A","KG/HA","2021","840.977996111454"
"Ngoma","Climbing bean","Season B","KG/HA","2021","1011.60443801674"
"Ngoma","Climbing bean","Season C","KG/HA","2021","942.844922"
"Ngoma","Banana for beer","Season A","KG/HA","2021","10779.7982268093"
"Ngoma","Banana for beer","Season B","KG/HA","2021","10979.5728030281"
"Ngoma","Banana for beer","Season C","KG/HA","2021","18910.6424"
"Ngoma","Dessert banana","Season A","KG/HA","2021","7154.37909041153"
"Ngoma","Dessert banana","Season B","KG/HA","2021","8152.98092209"
"Ngoma","Dessert banana","Season C","KG/HA","2021","5608.4244407"
"Bugesera","Maize","Season A","KG/HA","2021","1612.53161295993"
"Bugesera","Maize","Season B","KG/HA","2021","1162.15332599247"
"Bugesera","Maize","Season C","KG/HA","2021","10558.8531"
"Bugesera","Sorghum","Season A","KG/HA","2021","816.7946"
"Bugesera","Sorghum","Season B","KG/HA","2021","686.725992479495"
"Bugesera","Sorghum","Season C","KG/HA","2021","3840.63"
"Bugesera","Paddy rice","Season A","KG/HA","2021","4265.8153000916"
"Bugesera","Paddy rice","Season B","KG/HA","2021","6054.40623031201"
"Bugesera","Paddy rice","Season C","KG/HA","2021","1656.0287"
"Bugesera","Wheat","Season A","KG/HA","2021","0"
"Bugesera","Wheat","Season B","KG/HA","2021","0"
"Bugesera","Wheat","Season C","KG/HA","2021","0"
"Bugesera","Cassava","Season A","KG/HA","2021","17030.3641508311"
"Bugesera","Cassava","Season B","KG/HA","2021","17239.7901488867"
"Bugesera","Cassava","Season C","KG/HA","2021","7661.37778"
"Bugesera","Sweet potatoes","Season A","KG/HA","2021","6725.02963724489"
"Bugesera","Sweet potatoes","Season B","KG/HA","2021","3985.615"
"Bugesera","Sweet potatoes","Season C","KG/HA","2021","5009.586098"
"Bugesera","Yams & Taro","Season A","KG/HA","2021","1405.80686507907"
"Bugesera","Yams & Taro","Season B","KG/HA","2021","6683.75566582474"
"Bugesera","Yams & Taro","Season C","KG/HA","2021","167.318772"
"Bugesera","Irish potatoes","Season A","KG/HA","2021","2417.53745500445"
"Bugesera","Irish potatoes","Season B","KG/HA","2021","2364.76891836808"
"Bugesera","Irish potatoes","Season C","KG/HA","2021","305.7270829"
"Bugesera","Cooking Banana","Season A","KG/HA","2021","14189.1697939065"
"Bugesera","Cooking Banana","Season B","KG/HA","2021","13767.6203598034"
"Bugesera","Cooking Banana","Season C","KG/HA","2021","1585.104341"
"Bugesera","Bananas","Season A","KG/HA","2021","10670.3798226837"
"Bugesera","Bananas","Season B","KG/HA","2021","9719.44566417354"
"Bugesera","Bananas","Season C","KG/HA","2021","4440.907629"
"Bugesera","Beans","Season B","KG/HA","2021","674.023188944289"
"Bugesera","Beans","Season C","KG/HA","2021","21067.5033"
"Bugesera","Peas","Season A","KG/HA","2021","720.129"
"Bugesera","Peas","Season B","KG/HA","2021","444.5007"
"Bugesera","Peas","Season C","KG/HA","2021","20.2024"
"Bugesera","Ground nuts","Season A","KG/HA","2021","367.753243048977"
"Bugesera","Ground nuts","Season B","KG/HA","2021","485.815844058598"
"Bugesera","Ground nuts","Season C","KG/HA","2021","2436.650836"
"Bugesera","Soya beans","Season A","KG/HA","2021","350.637205517793"
"Bugesera","Soya beans","Season B","KG/HA","2021","317.516998304858"
"Bugesera","Soya beans","Season C","KG/HA","2021","614.29708"
"Bugesera","Bush bean","Season A","KG/HA","2021","696.948505470318"
"Bugesera","Bush bean","Season B","KG/HA","2021","673.426533473934"
"Bugesera","Bush bean","Season C","KG/HA","2021","0"
"Bugesera","Climbing bean","Season A","KG/HA","2021","572.6392"
"Bugesera","Climbing bean","Season B","KG/HA","2021","718.614498406809"
"Bugesera","Climbing bean","Season C","KG/HA","2021","108.6054"
"Bugesera","Banana for beer","Season A","KG/HA","2021","8865.14183903839"
"Bugesera","Banana for beer","Season B","KG/HA","2021","7926.66023671635"
"Bugesera","Banana for beer","Season C","KG/HA","2021","21067.5033"
"Bugesera","Dessert banana","Season A","KG/HA","2021","7716.30394343119"
"Bugesera","Dessert banana","Season B","KG/HA","2021","12274.7177186345"
"Bugesera","Dessert banana","Season C","KG/HA","2021","4972.892373"
"Kirehe","Maize","Season A","KG/HA","2021","1519.27351449251"
"Kirehe","Maize","Season B","KG/HA","2021","2092.3684500134"
"Kirehe","Maize","Season C","KG/HA","2021","24650.6094"
"Kirehe","Sorghum","Season A","KG/HA","2021","850.8412"
"Kirehe","Sorghum","Season B","KG/HA","2021","858.1301"
"Kirehe","Sorghum","Season C","KG/HA","2021","2272.438"
"Kirehe","Paddy rice","Season A","KG/HA","2021","4860.05886724839"
"Kirehe","Paddy rice","Season B","KG/HA","2021","4494.28751376912"
"Kirehe","Paddy rice","Season C","KG/HA","2021","1071.2601"
"Kirehe","Wheat","Season A","KG/HA","2021","0"
"Kirehe","Wheat","Season B","KG/HA","2021","50.39973"
"Kirehe","Wheat","Season C","KG/HA","2021","0"
"Kirehe","Cassava","Season A","KG/HA","2021","15036.8"
"Kirehe","Cassava","Season B","KG/HA","2021","17812.8"
"Kirehe","Cassava","Season C","KG/HA","2021","7475.414"
"Kirehe","Sweet potatoes","Season A","KG/HA","2021","5933.772"
"Kirehe","Sweet potatoes","Season B","KG/HA","2021","5658.568"
"Kirehe","Sweet potatoes","Season C","KG/HA","2021","1762.115"
"Kirehe","Yams & Taro","Season A","KG/HA","2021","2660.57229045084"
"Kirehe","Yams & Taro","Season B","KG/HA","2021","4758.39246232876"
"Kirehe","Yams & Taro","Season C","KG/HA","2021","273.526786"
"Kirehe","Irish potatoes","Season A","KG/HA","2021","4785.422"
"Kirehe","Irish potatoes","Season B","KG/HA","2021","2389.5362849029"
"Kirehe","Irish potatoes","Season C","KG/HA","2021","1354.952"
"Kirehe","Cooking Banana","Season A","KG/HA","2021","16981.92"
"Kirehe","Cooking Banana","Season B","KG/HA","2021","21724.88"
"Kirehe","Cooking Banana","Season C","KG/HA","2021","1600.156"
"Kirehe","Bananas","Season A","KG/HA","2021","13656.7616221091"
"Kirehe","Bananas","Season B","KG/HA","2021","16532.7149651155"
"Kirehe","Bananas","Season C","KG/HA","2021","10679.7"
"Kirehe","Beans","Season B","KG/HA","2021","702.569646853085"
"Kirehe","Beans","Season C","KG/HA","2021","22208.3724"
"Kirehe","Peas","Season A","KG/HA","2021","756.1489"
"Kirehe","Peas","Season B","KG/HA","2021","1042.45700088444"
"Kirehe","Peas","Season C","KG/HA","2021","242.1206"
"Kirehe","Ground nuts","Season A","KG/HA","2021","365.9085"
"Kirehe","Ground nuts","Season B","KG/HA","2021","444.293104217973"
"Kirehe","Ground nuts","Season C","KG/HA","2021","527.1196"
"Kirehe","Soya beans","Season A","KG/HA","2021","544.592753988809"
"Kirehe","Soya beans","Season B","KG/HA","2021","564.236672794783"
"Kirehe","Soya beans","Season C","KG/HA","2021","507.31302"
"Kirehe","Bush bean","Season A","KG/HA","2021","669.776057925253"
"Kirehe","Bush bean","Season B","KG/HA","2021","631.875582811777"
"Kirehe","Bush bean","Season C","KG/HA","2021","0"
"Kirehe","Climbing bean","Season A","KG/HA","2021","824.0873"
"Kirehe","Climbing bean","Season B","KG/HA","2021","833.8529"
"Kirehe","Climbing bean","Season C","KG/HA","2021","1656.735"
"Kirehe","Banana for beer","Season A","KG/HA","2021","10354.85"
"Kirehe","Banana for beer","Season B","KG/HA","2021","8586.203"
"Kirehe","Banana for beer","Season C","KG/HA","2021","22208.3724"
"Kirehe","Dessert banana","Season A","KG/HA","2021","7855.877"
"Kirehe","Dessert banana","Season B","KG/HA","2021","10302.69"
"Kirehe","Dessert banana","Season C","KG/HA","2021","6760.597"
